0,2000
1,37
2,9
3,7/10
4,6
5,1500
6,600
7,4250
8,8.8
9,3
10,41
11,15
12,90
13,56
14,54
15,8172
16,16
17,18.7
18,322.5
19,10
20,27
21,9
22,100
23,54
24,294
25,53
26,24
27,32
28,0.628
29,1950
30,3.2
31,75
32,36
33,720
34,30
35,29/20
36,351
37,5
38,29/60
39,38
40,400
41,24
42,9
43,500
44,32
45,17
46,95
47,288
48,900
49,380
50,530
51,9
52,9250
53,280
54,782
55,120
56,170
57,5250
58,1056
59,9
60,13
61,12
62,1300
63,798
64,2448
65,588
66,13999.6
67,290
68,3640
69,750
70,9
71,75.6
72,6450
73,5/8
74,200
75,3.8
76,400
77,1/5
78,24
79,194
80,2.5
81,290
82,8
83,680
84,260
85,20%
86,15
87,30
88,435
89,484
90,2.98
91,20
92,20
93,1485
94,1528
95,418.5
96,8
97,160
98,3
99,260
100,2496
101,40
102,3278.8
103,13
104,4
105,57.1
106,2/3
107,20340
108,10.9
109,3_1/4
110,4/5
111,1200
112,560
113,148
114,14
115,50
116,13230
117,623
118,192
119,124
120,1.54
121,13
122,2.5
123,69
124,4000
125,90%
126,420
127,0.5
128,136
129,8
130,7/9
131,5033
132,10
133,12
134,11200
135,2
136,695
137,500
138,32
139,87
140,80
141,300
142,72
143,17
144,8345.76
145,356
146,12
147,8400
148,4800
149,9
150,1/9
151,404
152,20/3
153,495
154,8000
155,3/5
156,5
157,600
158,104
159,910
160,30
161,50
162,5
163,2
164,28
165,1350
166,398
167,750
168,9
169,180
170,3
171,3
172,176
173,144
174,3/7
175,14
176,56
177,8
178,8
179,14
180,40
181,40.82
182,12
183,27
184,9
185,650
186,5000
187,10
188,252
189,7
190,25
191,753.625
192,10785
193,890
194,2800
195,2000
196,696
197,94.2
198,350
199,201.6
200,475
201,228
202,9
203,7/20
204,5
205,40
206,4/9
207,7
208,38
209,1302
210,6
211,71.95
212,3099
213,32697
214,6
215,63750
216,40
217,5
218,64320
219,2
220,5
221,333
222,20
223,8
224,84
225,1856
226,29
227,9
228,6/7
229,8
230,170
231,493
232,3025
233,207
234,684
235,405
236,597
237,4200
238,5/18
239,205
240,1000
241,200
242,25/8
243,5375
244,276
245,3/5
246,318
247,21/24
248,290
249,10
250,24
251,7
252,3279.5
253,1260
254,270
255,6000
256,1536
257,6
258,1470
259,5
260,2420
261,400
262,40
263,48
264,4.8
265,6.25
266,7/24
267,272
268,24
269,9
270,25000
271,13760
272,750
273,12
274,520
275,1925
276,270
277,7.5
278,32
279,2300
280,50.24
281,8
282,5.2
283,736
284,59
285,18
286,240
287,849
288,48
289,2250
290,944
291,5
292,2
293,538
294,16
295,23
296,4800
297,3
298,4
299,105
300,138
301,29/20
302,9
303,8
304,81
305,7850
306,9
307,20
308,20
309,17
310,125.6
311,540
312,32
313,3/7
314,36
315,78
316,4
317,324
318,900
319,1/3
320,9
321,432
322,3/8
323,7/4
324,3/10
325,4
326,3500
327,68.75
328,714
329,3.2
330,10725
331,474000
332,16000
333,300
334,4/7
335,1080
336,16
337,576
338,6
339,1
340,80
341,90
342,21
343,15
344,150
345,36
346,48
347,3
348,425
349,5
350,32
351,600
352,390
353,1570
354,216
355,270
356,137
357,5
358,25000
359,4
360,4528.8
361,628
362,45
363,9
364,8
365,540
366,9/35
367,24
368,1/8
369,29
370,150
371,282
372,10
373,7
374,36
375,1350
376,481
377,96
378,4349
379,15
380,70
381,42
382,1/5
383,6480
384,55475
385,92
386,45
387,53.38
388,500
389,20
390,6
391,1264
392,320
393,750
394,87.92
395,105
396,450
397,9
398,6592
399,12
400,90
401,136
402,860
403,3
404,705
405,32
406,14
407,4/15
408,15
409,3.14
410,12
411,5
412,1/8
413,800
414,10
415,756
416,49
417,8
418,1320
419,20
420,2/3
421,10
422,3030
423,2
424,0.64
425,12.6
426,24
427,960
428,100
429,1200
430,580
431,1500
432,768
433,109
434,12960
435,31
436,416
437,44
438,2.475
439,4100
440,1/8
441,47
442,410
443,87.5
444,64
445,510
446,3/5
447,0.45
448,20
449,1920
450,566
451,63
452,4.8%
453,10
454,30
455,133
456,1080
457,6
458,76
459,390
460,24
461,2400
462,32
463,796
464,2
465,1710
466,285
467,94
468,21
469,30
470,12
471,30
472,700
473,125.6
474,10
475,9
476,404
477,5
478,1536
479,243
480,32
481,533
482,7/6
483,3.2
484,75
485,280
486,192
487,216
488,16
489,1254
490,3
491,96
492,220
493,4
494,440
495,2129.84
496,54
497,1440
498,80
499,1344
500,272
501,800
502,960
503,7.5
504,995
505,622
506,150
507,720
508,900π
509,39
510,1320
511,15
512,7/40
513,5
514,120
515,59
516,788
517,0.25
518,1/2
519,308
520,43
521,9
522,355
523,180
524,3/8
525,200
526,200
527,98
528,120
529,314
530,120
531,2
532,180
533,53.7
534,30
535,450
536,14.4
537,7
538,7
539,80
540,560
541,160
542,216
543,900
544,42
545,200
546,5
547,70
548,5
549,120
550,3280
551,94.2
552,94
553,9
554,1200
555,625
556,11
557,3
558,78.5
559,11304
560,1.24
561,6
562,4
563,120
564,61
565,60
566,2800
567,288
568,960
569,2550
570,28.8
571,19.2
572,10850
573,3
574,2500
575,48.9
576,2
577,2
578,125
579,800
580,1400
581,11
582,388
583,480
584,8
585,9
586,51
587,30
588,50
589,960
590,62
591,16
592,96
593,0.4
594,9
595,150.78
596,0.2
597,875
598,256
599,6000
600,320
601,1.8
602,4
603,80
604,70
605,2/5
606,8
607,7.5
608,5
609,62
610,900
611,7
612,98
613,20
614,10.0
615,35760
616,172
617,4
618,47.1
619,90
620,99.4
621,70
622,800
623,114
624,98
625,18
626,600
627,42
628,371
629,36
630,30
631,314
632,3
633,2000
634,4900
635,94%
636,90%
637,75%
638,94%
639,30
640,30
641,40
642,450
643,32
644,1620
645,8
646,2
647,28
648,215
649,96
650,280
651,30
652,13.5
653,25
654,98%
655,49
656,40
657,97%
658,1.5
659,98%
660,90
661,500
662,787.5
663,87.5%
664,60
665,1089
666,5
667,100
668,2
669,900
670,40
671,710
672,36
673,30
674,5
675,96%
676,2
677,6
678,98%
679,98%
680,1
681,460
682,480
683,450
684,28
685,42
686,480
687,150
688,36
689,34
690,320
691,1500
692,81
693,2.8
694,20
695,900
696,64
697,20
698,19/40
699,57
700,48
701,48
702,4
703,3
704,7
705,8
706,94%
707,5/8
708,20
709,78
710,160
711,87
712,2.4
713,0.3
714,10%
715,10
716,240
717,960
718,48
719,90
720,150
721,37.68
722,120
723,40
724,24
725,425
726,420
727,117
728,300
729,305
730,240
731,5
732,48
733,140
734,29
735,135
736,10
737,50
738,77
739,160
740,95%
741,4.5
742,3/8
743,53
744,500
745,2800
746,100
747,163
748,48
749,372
750,7
751,84
752,40
753,11
754,78
755,250
756,8
757,80
758,3
759,400
760,833
761,42.5
762,703.42
763,204.36
764,48
765,960
766,22984
767,3.4
768,200
769,40
770,909
771,47
772,192.5
773,30
774,2000
775,28
776,7536
777,500
778,420
779,8
780,3
781,3480
782,36800
783,8
784,1470
785,170
786,12.56
787,4
788,350
789,240
790,98%
791,289
792,200
793,75
794,187.97
795,8925
796,10
797,96
798,24/5
799,480
800,89.5
801,58
802,200
803,30
804,74
805,49
806,200
807,72
808,5
809,3
810,4.2
811,8
812,40
813,87.1
814,25
815,4000
816,2000
817,12
818,8
819,90
820,80
821,180
822,90
823,40
824,125.6
825,1050
826,132
827,80
828,2.4
829,402
830,3.7
831,400
832,2.7
833,27.4
834,80
835,2560
836,50
837,512
838,24
839,5
840,20
841,3/2
842,2
843,480
844,546
845,134
846,8
847,42
848,448
849,7
850,58
851,5500
852,39
853,18
854,20
855,89
856,75
857,1388
858,9
859,54
860,36
861,150
862,44
863,2/7
864,24
865,11
866,30
867,25
868,35
869,5
870,13.2
871,3.6
872,9
873,60
874,38
875,17
876,9000
877,12.5%
878,87.92
879,314%
880,56
881,400
882,37.5
883,8
884,49
885,47
886,90
887,707.7
888,18
889,37
890,2.5
891,192
892,38.4
893,57.8
894,48
895,8
896,295
897,9
898,4
899,24
900,3600
901,207000
902,8
903,225
904,20
905,750
906,400
907,80
908,26
909,56.52
910,15
911,9.00
912,300
913,57
914,9
915,380
916,2352
917,34.54
918,98.54
919,4
920,200
921,3
922,7
923,97.5%
924,200
925,72
926,96%
927,270
928,24
929,8
930,48000
931,30000
932,120
933,376.8
934,6
935,250
936,45
937,90
938,7.66
939,27
940,72
941,3
942,204
943,24
944,9
945,1/12
946,176
947,5
948,270
949,60
950,0.6
951,48
952,80
953,210
954,54
955,12
956,16
957,3
958,1200
959,130
960,6
961,8
962,640
963,32100
964,16
965,14
966,25
967,2.5
968,45
969,1/10
970,156.3
971,10
972,3534
973,985
974,41
975,18
976,70
977,8
978,38.45
979,845
980,143.9
981,840
982,30
983,456
984,3.5%
985,74
986,41
987,12
988,4
989,710
990,10
991,280
992,597
993,900
994,0.5%
995,2040
996,1/9
997,90
998,72
999,2/5
1000,6.28
1001,200
1002,150
1003,45
1004,6
1005,100%
1006,100
1007,40
1008,92480
1009,3/4
1010,2.5
1011,161
1012,125
1013,40%
1014,3
1015,20
1016,15
1017,20
1018,76
1019,4/3
1020,8
1021,44.4%
1022,50%
1023,62.8
1024,57
1025,43800
1026,13000
1027,1/4
1028,44
1029,80
1030,27;9
1031,197.4
1032,15
1033,12
1034,40
1035,150
1036,0.324
1037,30
1038,1600
1039,98
1040,4.5
1041,4300
1042,2.5
1043,1.2
1044,48.2
1045,27
1046,3/4
1047,90
1048,529
1049,375
1050,90
1051,25
1052,240
1053,20
1054,2250
1055,1
1056,24
1057,157.78
1058,5/16
1059,512
1060,37.5
1061,9
1062,4.6
1063,5.5
1064,18
1065,20
1066,38
1067,5
1068,40
1069,45
1070,55
1071,15
1072,96
1073,284
1074,1/10
1075,4158
1076,15
1077,244
1078,0.6
1079,300
1080,2400
1081,90;99
1082,25
1083,3
1084,13
1085,7.4
1086,9/60
1087,390
1088,4/9
1089,0.0144
1090,240
1091,45
1092,1475
1093,96
1094,4296
1095,18
1096,1440
1097,3/8
1098,57
1099,120
1100,1/7
1101,16
1102,454
1103,20
1104,300
1105,4/10
1106,76
1107,36
1108,27
1109,24
1110,27
1111,2
1112,23.8
1113,25%
1114,700
1115,560
1116,8
1117,70
1118,4
1119,8
1120,15
1121,30
1122,20
1123,8
1124,47
1125,4900
1126,90
1127,1.5
1128,1
1129,1
1130,0.54
1131,8
1132,30
1133,550
1134,128
1135,40
1136,30
1137,15
1138,480
1139,280
1140,9000
1141,27
1142,6
1143,210
1144,12
1145,4
1146,60
1147,3880
1148,50
1149,41.3
1150,2.8
1151,8
1152,1/2
1153,770
1154,4
1155,270
1156,4
1157,25
1158,954
1159,4
1160,21
1161,5
1162,240
1163,45
1164,1315
1165,24
1166,26
1167,20
1168,78
1169,18
1170,19.8%
1171,900
1172,360
1173,40
1174,15
1175,98%
1176,2.5
1177,2.5
1178,8700
1179,198
1180,3
1181,720
1182,18
1183,45
1184,209
1185,300
1186,8
1187,399
1188,899
1189,497
1190,3000
1191,360
1192,27
1193,37500
1194,72
1195,95%
1196,15
1197,75
1198,138
1199,314
1200,450
1201,5
1202,19
1203,25%
1204,5.
1205,21
1206,18
1207,124
1208,8
1209,5
1210,27
1211,25
1212,743
1213,30%
1214,375
1215,20
1216,27
1217,30
1218,30
1219,750
1220,80%
1221,45
1222,3.75
1223,195.6
1224,8
1225,50
1226,94.2
1227,800
1228,17
1229,140
1230,8
1231,4
1232,55
1233,512
1234,450
1235,94.2
1236,239
1237,70
1238,24
1239,30
1240,32%
1241,10
1242,80
1243,80
1244,4
1245,420
1246,235
1247,69
1248,58
1249,180
1250,39
1251,45
1252,35
1253,14
1254,36
1255,8
1256,30
1257,38
1258,24
1259,16
1260,53
1261,22
1262,4
1263,37
1264,6
1265,45
1266,6
1267,23
1268,23
1269,18
1270,55
1271,53
1272,30
1273,26
1274,45
1275,12
1276,78
1277,6:45
1278,94
1279,30
1280,81
1281,51
1282,74
1283,18
1284,48
1285,86
1286,49
1287,35
1288,27
1289,48
1290,9
1291,52
1292,26
1293,10
1294,30
1295,4
1296,10
1297,3
1298,8
1299,6
1300,5
1301,20
1302,6
1303,4
1304,6
1305,6
1306,4
1307,5
1308,8
1309,8
1310,7
1311,10
1312,3
1313,48
1314,4
1315,11
1316,37
1317,6
1318,3
1319,9
1320,8
1321,18
1322,80
1323,31
1324,22
1325,40
1326,25
1327,5
1328,2
1329,10
1330,30
1331,9
1332,74
1333,23
1334,5
1335,45
1336,54
1337,2
1338,21
1339,5
1340,73
1341,24
1342,6
1343,7
1344,14
1345,84
1346,31
1347,33
1348,24
1349,17
1350,27
1351,16
1352,19
1353,28
1354,27
1355,27
1356,176
1357,75.36
1358,160
1359,280
1360,360
1361,4976
1362,30000
1363,3/9
1364,4
1365,4/5
1366,10
1367,9
1368,37685.2
1369,50
1370,36
1371,54
1372,295
1373,60
1374,93.75
1375,19/35
1376,750
1377,2
1378,27
1379,9.78
1380,27
1381,753.6
1382,400
1383,168
1384,456
1385,10.8
1386,18
1387,8
1388,135
1389,4.2
1390,34
1391,30
1392,48000
1393,9
1394,40
1395,16
1396,32
1397,100
1398,97
1399,840
1400,2
1401,180
1402,640
1403,30
1404,24
1405,5
1406,30
1407,36
1408,987
1409,125
1410,126
1411,500
1412,890
1413,40
1414,304
1415,360
1416,297
1417,9
1418,120
1419,35
1420,29/20
1421,29.4
1422,39.45
1423,5
1424,0.008
1425,15
1426,9
1427,4
1428,504
1429,20
1430,30
1431,30
1432,4
1433,128
1434,4
1435,49.1
1436,210
1437,53.2
1438,147
1439,72
1440,20
1441,9
1442,105
1443,96
1444,36
1445,18
1446,13200
1447,299
1448,0.7
1449,4
1450,44
1451,75.6
1452,216
1453,433
1454,48
1455,80
1456,99
1457,29
1458,14
1459,9
1460,3600
1461,560
1462,180
1463,330
1464,10
1465,270
1466,45
1467,94
1468,10
1469,2.7
1470,131
1471,97
1472,8
1473,56
1474,26
1475,9
1476,40
1477,4500
1478,378
1479,16
1480,0.5
1481,8000
1482,10
1483,4
1484,23/40
1485,4
1486,10
1487,27
1488,8
1489,56
1490,2
1491,27
1492,30
1493,7000
1494,32
1495,4
1496,7
1497,8
1498,9.02
1499,2370
1500,109
1501,4
1502,205
1503,4
1504,471
1505,29
1506,89
1507,216
1508,30.8
1509,300
1510,945
1511,20
1512,2.56
1513,135
1514,10
1515,470
1516,36
1517,1.6
1518,10334
1519,24
1520,60
1521,48
1522,330
1523,3
1524,149
1525,8
1526,80
1527,3
1528,40
1529,810
1530,950
1531,34
1532,8
1533,90
1534,5280
1535,1
1536,2.5
1537,26
1538,1/20
1539,160
1540,128
1541,502.4
1542,21
1543,180
1544,3.5
1545,300
1546,160
1547,20
1548,8
1549,14
1550,39
1551,51
1552,400
1553,3000
1554,8
1555,753.6
1556,207.92
1557,3
1558,4
1559,20
1560,8000
1561,25
1562,10
1563,88
1564,70
1565,45
1566,800
1567,12
1568,5400
1569,9
1570,3900
1571,8
1572,31.4
1573,8
1574,52
1575,245
1576,942
1577,50
1578,220
1579,306
1580,125
1581,64
1582,1250
1583,200
1584,127
1585,960
1586,300
1587,30
1588,54
1589,2400
1590,73
1591,297
1592,96
1593,200
1594,75
1595,44
1596,5.2
1597,20%
1598,10
1599,190
1600,30
1601,256
1602,30
1603,804
1604,32
1605,25%
1606,1728
1607,112
1608,8
1609,39.28
1610,2003.92
1611,2003.92
1612,750
1613,409.6
1614,37.68
1615,52
1616,553
1617,75
1618,150
1619,44
1620,55
1621,140
1622,84
1623,120
1624,240
1625,384.7
1626,20
1627,250
1628,1_1/4
1629,14
1630,2000
1631,35
1632,30
1633,4
1634,850
1635,2
1636,8
1637,27
1638,20
1639,1.6
1640,72
1641,0.2
1642,192
1643,720
1644,79
1645,100
1646,8
1647,7.8
1648,720
1649,15
1650,1774
1651,30
1652,10
1653,15
1654,63%
1655,628
1656,30
1657,2400
1658,48
1659,4.
1660,121
1661,4
1662,3
1663,42
1664,3.2
1665,5
1666,25
1667,220
1668,625
1669,3.42
1670,4/10
1671,57374
1672,520
1673,32
1674,40
1675,270
1676,200
1677,20
1678,72
1679,5000
1680,27
1681,2560
1682,142
1683,2700
1684,3
1685,52
1686,145
1687,720
1688,1570
1689,100
1690,560
1691,16
1692,3
1693,0.4
1694,50.24
1695,2400
1696,104
1697,3.18
1698,45
1699,8
1700,37
1701,20
1702,6.92
1703,4
1704,30
1705,0.2
1706,4/3
1707,18
1708,800
1709,9
1710,720
1711,3200
1712,660
1713,40
1714,2400
1715,9
1716,4
1717,450
1718,12
1719,720
1720,13/28
1721,39.456
1722,20
1723,384
1724,188.4
1725,26
1726,38
1727,125.6
1728,8
1729,750
1730,3_1/3
1731,50
1732,96
1733,47.5
1734,25
1735,90
1736,90
1737,126
1738,280
1739,3960
1740,27
1741,60
1742,52
1743,1380
1744,60
1745,80
1746,96
1747,24.9
1748,32
1749,300
1750,214
1751,390
1752,9
1753,1.74
1754,25
1755,45
1756,4
1757,360
1758,157
1759,400
1760,17
1761,192
1762,32.13
1763,237
1764,5
1765,37.5
1766,58
1767,30
1768,36
1769,8
1770,2.5
1771,240
1772,250
1773,3000
1774,4
1775,200
1776,640
1777,250
1778,11720
1779,930
1780,50
1781,9
1782,1075
1783,1800
1784,63
1785,2
1786,9
1787,5
1788,1208
1789,6
1790,600
1791,250
1792,20
1793,10940
1794,5
1795,21
1796,5
1797,320
1798,24
1799,390
1800,2
1801,9/11
1802,3360
1803,80
1804,300
1805,84.3
1806,7200
1807,28
1808,120
1809,8
1810,630
1811,5
1812,53.38
1813,2.5
1814,8
1815,108
1816,8
1817,5
1818,216
1819,36
1820,7520
1821,27
1822,52
1823,9
1824,5970
1825,490
1826,10
1827,8
1828,80
1829,219.85
1830,40
1831,3
1832,30
1833,5800
1834,224
1835,942
1836,1485
1837,3
1838,8
1839,2
1840,300
1841,2
1842,12
1843,4
1844,280
1845,28.26
1846,12
1847,756
1848,9
1849,3000
1850,818
1851,41.78
1852,25
1853,1035
1854,3
1855,11
1856,1800
1857,2700
1858,60
1859,28
1860,120
1861,2.5
1862,96
1863,12
1864,7
1865,9
1866,475
1867,6
1868,189
1869,6720
1870,630
1871,20
1872,5400
1873,7056
1874,2
1875,11
1876,24
1877,6
1878,108
1879,45
1880,9.42
1881,7.27
1882,6
1883,3924
1884,1096
1885,20
1886,2
1887,10
1888,270
1889,8
1890,16
1891,52%
1892,54
1893,40.82
1894,75
1895,256
1896,0.4
1897,3_2/4
1898,60
1899,64
1900,9
1901,32
1902,36
1903,21
1904,3
1905,96
1906,420
1907,300
1908,36
1909,15
1910,225
1911,1469
1912,12
1913,9
1914,1.3
1915,216
1916,18
1917,11
1918,17
1919,96
1920,10
1921,48
1922,13
1923,504
1924,13
1925,60
1926,12.6
1927,72
1928,6
1929,314
1930,20
1931,10
1932,40
1933,90
1934,1470
1935,8
1936,219
1937,37.68
1938,11
1939,40
1940,400
1941,0.8
1942,62.8
1943,2000
1944,40.7
1945,24
1946,2079
1947,150
1948,24
1949,20
1950,20%
1951,7
1952,6
1953,2.4
1954,3
1955,4900
1956,7
1957,219
1958,6.28
1959,70
1960,16
1961,0.1
1962,3740
1963,2
1964,38000
1965,3
1966,224
1967,376
1968,28.26
1969,109
1970,89
1971,4.1
1972,3
1973,0.8
1974,6
1975,43
1976,2
1977,60
1978,90
1979,7
1980,475
1981,25
1982,13.8
1983,27.9
1984,7
1985,30
1986,250
1987,2/3
1988,60
1989,740
1990,201
1991,12
1992,1897
1993,322.5
1994,22
1995,4605
1996,31
1997,12
1998,138
1999,2
2000,24
2001,172
2002,8
2003,81
2004,8
2005,30
2006,265
2007,885
2008,900
2009,621
2010,8
2011,42
2012,1300
2013,0.2
2014,30
2015,180
2016,14
2017,2.6
2018,3
2019,400
2020,130
2021,72
2022,500
2023,800
2024,15
2025,20.7
2026,150
2027,18
2028,9
2029,10%
2030,25%
2031,4
2032,7
2033,34
2034,2832
2035,2300
2036,648
2037,720
2038,384
2039,0.75
2040,1.8
2041,2094.3
2042,98.5
2043,6
2044,0.3
2045,10
2046,240
2047,30
2048,7
2049,20
2050,4
2051,1095
2052,270
2053,495.6
2054,10
2055,50.24
2056,43
2057,80
2058,4.8
2059,190000
2060,250
2061,42
2062,不够
2063,27.4
2064,24
2065,710
2066,4000
2067,4896
2068,28.26
2069,315
2070,51
2071,260
2072,3
2073,9
2074,54
2075,57
2076,875
2077,49
2078,480
2079,2000
2080,3.3
2081,20
2082,35
2083,15
2084,3.75
2085,80
2086,983.2
2087,54
2088,500
2089,1720
2090,128
2091,108
2092,20000
2093,900
2094,504
2095,565
2096,40
2097,30
2098,5
2099,9
2100,840
2101,700
2102,5
2103,12.5
2104,96
2105,37
2106,8
2107,96
2108,2340
2109,2456
2110,200
2111,4
2112,72
2113,19.84
2114,32
2115,622
2116,5
2117,200
2118,628
2119,84
2120,9
2121,26.4
2122,200.96
2123,7850
2124,4.2
2125,1
2126,830
2127,99
2128,396
2129,96
2130,4
2131,300
2132,5
2133,3865
2134,6
2135,1238.5
2136,23
2137,8
2138,14
2139,12
2140,3
2141,8
2142,12
2143,12
2144,2
2145,9
2146,1344
2147,24
2148,7/8
2149,30
2150,707.92
2151,54.9036
2152,4
2153,40.39
2154,724
2155,13
2156,10
2157,120
2158,18
2159,43.36
2160,28
2161,480
2162,84
2163,60
2164,22
2165,40
2166,460
2167,790
2168,18
2169,3.6
2170,2
2171,2
2172,21%
2173,10878.1
2174,7
2175,12%
2176,65%
2177,3
2178,320
2179,48
2180,7850
2181,200
2182,715
2183,7
2184,2598
2185,120
2186,28
2187,441
2188,912
2189,30
2190,9
2191,8
2192,225
2193,56
2194,2
2195,3400
2196,24
2197,0.4
2198,200
2199,12
2200,80
2201,384
2202,2400
2203,11400
2204,3
2205,5
2206,30
2207,40
2208,18
2209,210
2210,496
2211,40.32
2212,135
2213,3.6
2214,1.44
2215,10
2216,9
2217,492
2218,9
2219,20
2220,1083
2221,4050
2222,490
2223,27
2224,20.43
2225,750
2226,3
2227,80
2228,56.5
2229,850
2230,753.6
2231,4
2232,30
2233,9
2234,0.9
2235,1.48
2236,5
2237,92
2238,74
2239,2000
2240,1500
2241,130
2242,4
2243,6428
2244,45
2245,1.5
2246,6
2247,9
2248,4.5
2249,875
2250,1884
2251,96
2252,78
2253,24
2254,1440
2255,9
2256,20
2257,5600
2258,32
2259,7
2260,44
2261,16%
2262,22%
2263,8.7
2264,7
2265,90
2266,2328
2267,22.5
2268,8
2269,27
2270,3
2271,175
2272,35
2273,84
2274,20
2275,81
2276,1050
2277,320
2278,1
2279,14
2280,30
2281,7560
2282,950
2283,1490
2284,3308
2285,52
2286,16
2287,15
2288,5
2289,280
2290,90
2291,45
2292,45
2293,40
2294,36
2295,34.54
2296,72
2297,4
2298,2
2299,62.8
2300,24
2301,3
2302,37.5
2303,30
2304,50.24
2305,5
2306,12
2307,48
2308,13
2309,8
2310,8
2311,5
2312,72
2313,5000
2314,3250
2315,6
2316,734
2317,520
2318,2
2319,48
2320,75
2321,90
2322,192
2323,34
2324,75
2325,900
2326,1437
2327,35
2328,84
2329,13
2330,45
2331,27
2332,0.5
2333,4200
2334,9.8
2335,90
2336,12
2337,5
2338,7038
2339,3
2340,5
2341,1552
2342,24
2343,56
2344,3/14
2345,182
2346,504
2347,96
2348,52
2349,397
2350,840
2351,50
2352,180
2353,24
2354,150
2355,200
2356,5340
2357,12
2358,75
2359,1223
2360,64%
2361,12
2362,448
2363,9
2364,476
2365,30
2366,20
2367,28.26
2368,5
2369,4
2370,75
2371,7
2372,0.4536
2373,48
2374,24
2375,38
2376,8
2377,7
2378,3
2379,2.2
2380,180
2381,24
2382,6.25
2383,1392
2384,520
2385,234
2386,234
2387,730
2388,15
2389,0.75
2390,90
2391,24
2392,210
2393,54
2394,18
2395,5
2396,84
2397,7
2398,352
2399,4/5
2400,27.9
2401,28
2402,500
2403,8
2404,230
2405,32
2406,74
2407,2.1
2408,16
2409,15.7
2410,9
2411,50.24
2412,5
2413,4
2414,50
2415,200
2416,12.56
2417,280
2418,96
2419,20
2420,98.2
2421,400
2422,3
2423,21
2424,4.38
2425,360
2426,80
2427,8
2428,60
2429,7.2
2430,24
2431,30
2432,3
2433,3_2/9
2434,120
2435,18
2436,37.5
2437,35.68
2438,20
2439,12
2440,9
2441,239
2442,36
2443,5
2444,24
2445,8
2446,125
2447,245
2448,7
2449,70
2450,165
2451,30
2452,50
2453,288.4
2454,80
2455,25
2456,25%
2457,196
2458,30
2459,2889
2460,180
2461,5
2462,5
2463,10
2464,35.3
2465,135
2466,125.6
2467,2.7
2468,31
2469,32
2470,32
2471,44
2472,5
2473,120
2474,12
2475,80
2476,25
2477,4
2478,3
2479,60
2480,15
2481,3
2482,34
2483,4
2484,53.84
2485,600
2486,5
2487,2472
2488,4
2489,8
2490,12
2491,8
2492,12
2493,3
2494,75
2495,534
2496,25
2497,14400
2498,1/8
2499,40
2500,195
2501,3
2502,4000
2503,23
2504,45%
2505,4
2506,4.8
2507,20
2508,512
2509,48
2510,5000
2511,50.24
2512,580
2513,37.68
2514,2.5
2515,80
2516,2
2517,25.12
2518,94.2
2519,5
2520,189
2521,5840
2522,39.26
2523,48/25
2524,12
2525,960
2526,24
2527,360
2528,40
2529,54
2530,12
2531,8
2532,85
2533,80
2534,30
2535,9
2536,2
2537,216
2538,0.8
2539,144
2540,4
2541,8
2542,10
2543,2
2544,675
2545,15
2546,900
2547,40
2548,825
2549,23
2550,3
2551,5
2552,540
2553,25%
2554,11
2555,2
2556,300
2557,502.4
2558,2.5
2559,7776
2560,36%
2561,5
2562,9
2563,32
2564,5
2565,432
2566,130
2567,256
2568,2
2569,704
2570,300
2571,3060
2572,8
2573,4.5
2574,30
2575,30
2576,8
2577,39
2578,28.26
2579,4
2580,5920
2581,12
2582,12
2583,52
2584,3.5
2585,4
2586,72
2587,5
2588,42
2589,9
2590,2.25
2591,10
2592,245
2593,44
2594,120
2595,300
2596,180
2597,21
2598,43.2
2599,40
2600,125
2601,336
2602,1500
2603,36
2604,160
2605,38
2606,12
2607,400
2608,8
2609,21
2610,90
2611,12.56
2612,1344
2613,225
2614,4
2615,10
2616,92
2617,3000
2618,2700
2619,4
2620,93.75%
2621,0.2
2622,7/11
2623,15
2624,3
2625,19.62
2626,40.32
2627,180
2628,25%
2629,200
2630,522
2631,6
2632,4
2633,73
2634,46
2635,150
2636,9
2637,13.2
2638,22
2639,5
2640,5
2641,5
2642,7
2643,50
2644,30
2645,128
2646,76
2647,48
2648,240
2649,84
2650,4
2651,5
2652,3.12
2653,216
2654,270
2655,2.4
2656,3
2657,5.5
2658,5.4
2659,20
2660,37.68
2661,80
2662,8
2663,3
2664,180
2665,1800
2666,35
2667,97.3%
2668,68
2669,44
2670,4
2671,30
2672,35
2673,23
2674,40
2675,35
2676,20
2677,2
2678,784
2679,109
2680,56
2681,14
2682,13
2683,1200
2684,4
2685,2800
2686,25%
2687,4
2688,189
2689,4
2690,185
2691,5280
2692,八五
2693,294
2694,8
2695,10
2696,75.36
2697,530
2698,3
2699,24
2700,12
2701,24
2702,1200
2703,1
2704,72
2705,200
2706,5
2707,12
2708,6
2709,4.5
2710,80
2711,13
2712,97.5
2713,720
2714,2
2715,370
2716,90.4
2717,200
2718,24
2719,2.5
2720,12000
2721,1702
2722,19200
2723,97
2724,20300
2725,18
2726,15
2727,50
2728,2234
2729,9
2730,13
2731,27
2732,5
2733,200
2734,12
2735,3
2736,5
2737,1
2738,2
2739,10
2740,3
2741,10
2742,37
2743,280
2744,30
2745,60
2746,20
2747,23
2748,25
2749,409.6
2750,26
2751,19
2752,1000
2753,5
2754,4
2755,120
2756,1.26
2757,200
2758,40
2759,35
2760,2
2761,984
2762,90
2763,432
2764,12
2765,19.7
2766,8
2767,4
2768,419
2769,5
2770,20
2771,42
2772,6
2773,20
2774,50
2775,24
2776,8
2777,14
2778,90
2779,270
2780,9
2781,22
2782,8
2783,4
2784,375
2785,7
2786,960
2787,56
2788,72
2789,17
2790,6
2791,4
2792,36
2793,32
2794,5
2795,100
2796,43.2
2797,4
2798,5
2799,7
2800,8
2801,480
2802,7
2803,1
2804,300
2805,240
2806,200
2807,23
2808,245
2809,16
2810,150.72
2811,1304
2812,80
2813,3
2814,150.72
2815,5
2816,12
2817,360
2818,49
2819,430
2820,0.86
2821,120
2822,480
2823,7
2824,7
2825,78
2826,41600
2827,3.5
2828,200
2829,32
2830,21
2831,17
2832,2
2833,48
2834,508
2835,6
2836,19
2837,1040
2838,1200
2839,25%
2840,80
2841,28
2842,35
2843,27
2844,270
2845,376.8
2846,40
2847,48
2848,94.2
2849,846
2850,13
2851,50.24
2852,0.5
2853,8
2854,30
2855,10%
2856,2
2857,28
2858,30
2859,8
2860,5500
2861,328
2862,7
2863,369
2864,8
2865,8
2866,9
2867,500
2868,47.1
2869,1000
2870,140
2871,3000
2872,1200
2873,5
2874,256
2875,750
2876,5
2877,25%
2878,910
2879,32
2880,5
2881,7200
2882,96%
2883,30
2884,5
2885,7.5
2886,10
2887,125.6
2888,3080
2889,251.2
2890,1025
2891,270
2892,2
2893,4
2894,150
2895,25%
2896,20
2897,259
2898,2490
2899,1375
2900,9
2901,529
2902,15
2903,9
2904,27
2905,130
2906,30
2907,12
2908,150.72
2909,300
2910,4
2911,11
2912,505
2913,66
2914,4
2915,320
2916,16
2917,904.32
2918,45
2919,389
2920,180
2921,16
2922,4
2923,6600
2924,3
2925,4
2926,12000
2927,9
2928,2925
2929,8
2930,132
2931,13
2932,789
2933,8
2934,8
2935,319.92
2936,40
2937,78.5
2938,8
2939,3
2940,27000
2941,200
2942,7536
2943,78
2944,12
2945,219.88
2946,10
2947,50.24
2948,47
2949,385
2950,40
2951,2.8
2952,72
2953,75
2954,500
2955,11.25
2956,3
2957,10
2958,30
2959,8
2960,8
2961,30
2962,47
2963,45
2964,12.56
2965,30
2966,80
2967,150
2968,30
2969,280
2970,12
2971,24
2972,90
2973,60
2974,0.8
2975,12
2976,14
2977,62.8
2978,172
2979,25
2980,48
2981,98.2%
2982,3
2983,4000
2984,800
2985,470
2986,1.2
2987,4
2988,130
2989,4
2990,5.6
2991,1.6
2992,78.5
2993,398
2994,250
2995,32
2996,400
2997,75
2998,18
2999,12
3000,40
3001,240
3002,88
3003,62.8
3004,0.2
3005,40
3006,27
3007,59
3008,126
3009,23.52
3010,87.92
3011,1.2
3012,5024
3013,1271
3014,628
3015,1000
3016,8
3017,200
3018,96
3019,90
3020,60
3021,25
3022,90
3023,100
3024,15
3025,56
3026,33
3027,4000
3028,7536
3029,1440
3030,9
3031,842
3032,12
3033,54/7
3034,8
3035,80
3036,60
3037,8
3038,15%
3039,1
3040,125.6
3041,3
3042,10
3043,0.75
3044,120
3045,15
3046,294
3047,1740
3048,4
3049,30
3050,3
3051,45
3052,45
3053,7
3054,14
3055,45
3056,400
3057,3
3058,975
3059,513.6
3060,4250
3061,704
3062,50.24
3063,34.54
3064,80
3065,40
3066,1600
3067,24
3068,140
3069,750
3070,120
3071,9240
3072,50%
3073,80
3074,4.3
3075,300
3076,270
3077,753.6
3078,30
3079,45
3080,75
3081,80
3082,314
3083,0.75
3084,24
3085,24
3086,2000
3087,20
3088,5
3089,7
3090,98%
3091,192
3092,42
3093,48
3094,293.8
3095,397.6
3096,48
3097,2
3098,78.5
3099,3
3100,2.18
3101,5/8
3102,98
3103,32
3104,3
3105,30
3106,240
3107,900
3108,55
3109,5_2/3
3110,4
3111,180
3112,192
3113,240
3114,520
3115,1.2
3116,300
3117,292
3118,126
3119,45
3120,310
3121,396
3122,300
3123,18
3124,12
3125,150
3126,900
3127,49
3128,8
3129,400
3130,3000
3131,324
3132,10
3133,5.9
3134,1250
3135,48
3136,247.98
3137,28.26
3138,640
3139,48
3140,98%
3141,3000
3142,20
3143,18
3144,8
3145,232
3146,5
3147,90
3148,1
3149,400
3150,20
3151,30
3152,5
3153,50
3154,9
3155,120
3156,24
3157,0.4
3158,30
3159,8
3160,47.6
3161,200
3162,1760
3163,10%
3164,1.44
3165,48
3166,15
3167,38
3168,74
3169,7
3170,20
3171,2
3172,32
3173,25
3174,81
3175,40
3176,1591
3177,11
3178,624
3179,48
3180,900
3181,36.3
3182,4
3183,3.7
3184,720
3185,186
3186,5.5
3187,28
3188,600
3189,7.5
3190,60
3191,422.5
3192,278
3193,60
3194,720
3195,30
3196,52
3197,51200
3198,1800
3199,870
3200,70
3201,80
3202,3600
3203,32
3204,88
3205,5
3206,925
3207,203
3208,73
3209,270
3210,120
3211,29.82
3212,72
3213,8
3214,9
3215,75
3216,600
3217,800
3218,24
3219,90
3220,10
3221,5
3222,15
3223,350
3224,360
3225,475
3226,160
3227,4
3228,20
3229,8
3230,2540
3231,384
3232,3600
3233,360
3234,24
3235,3024
3236,924
3237,3250
3238,80
3239,75
3240,258
3241,4380
3242,1100
3243,1160
3244,1200
3245,50
3246,1980
3247,372
3248,2000
3249,18000
3250,280
3251,78
3252,300
3253,1200
3254,30
3255,6
3256,25
3257,3
3258,8
3259,4
3260,2580
3261,8
3262,3
3263,20
3264,3
3265,9
3266,9
3267,470
3268,30
3269,186
3270,225
3271,24
3272,29
3273,8
3274,75
3275,336
3276,180
3277,35
3278,305
3279,625
3280,784
3281,5200
3282,5
3283,204
3284,1208
3285,45
3286,9
3287,7
3288,50
3289,900
3290,250
3291,7
3292,12
3293,9
3294,25
3295,27
3296,91
3297,200
3298,1000
3299,207
3300,5
3301,17
3302,296
3303,123
3304,99
3305,11
3306,447
3307,477
3308,103
3309,39
3310,112
3311,660
3312,84
3313,9
3314,31
3315,8
3316,63
3317,315
3318,240
3319,8
3320,220
3321,54
3322,605
3323,18
3324,8320
3325,60
3326,200
3327,375
3328,1425
3329,32
3330,80
3331,90
3332,250
3333,864
3334,420
3335,90
3336,197
3337,13
3338,432
3339,448
3340,200
3341,720
3342,95
3343,4
3344,237
3345,5
3346,100
3347,15
3348,2400
3349,198
3350,32
3351,14
3352,13
3353,48
3354,39
3355,2600
3356,784
3357,130
3358,60
3359,86
3360,440
3361,392
3362,200
3363,504
3364,35
3365,38
3366,23
3367,300
3368,87
3369,12
3370,1350
3371,14220
3372,976
3373,1440
3374,632
3375,290
3376,7
3377,910
3378,300
3379,256
3380,27
3381,1052
3382,90
3383,870
3384,1326
3385,94
3386,25
3387,15
3388,24
3389,45
3390,98
3391,432
3392,960
3393,60
3394,40
3395,130
3396,24
3397,35
3398,40
3399,100
3400,845
3401,90
3402,4
3403,52
3404,9
3405,48
3406,246
3407,50
3408,20
3409,20
3410,100
3411,6
3412,216
3413,4385
3414,45
3415,224
3416,5
3417,5
3418,16
3419,1995
3420,52
3421,91
3422,552
3423,5290
3424,1800
3425,9
3426,3520
3427,432
3428,8
3429,25
3430,4
3431,38
3432,2380
3433,12
3434,70
3435,34.56
3436,3
3437,18
3438,30
3439,78
3440,0.83
3441,480
3442,50
3443,9
3444,9425
3445,232
3446,700
3447,3
3448,75
3449,96
3450,1400
3451,280
3452,5200
3453,3
3454,59
3455,128
3456,7
3457,26
3458,12
3459,3
3460,52
3461,3
3462,15
3463,104
3464,25
3465,5
3466,170
3467,180
3468,97
3469,350
3470,2.7
3471,9
3472,9
3473,536
3474,24
3475,300
3476,23
3477,30
3478,8
3479,600
3480,865
3481,3
3482,40
3483,90
3484,800
3485,52
3486,30
3487,57
3488,296
3489,90
3490,20
3491,1728
3492,30
3493,843
3494,10
3495,20
3496,12
3497,3
3498,3
3499,9
3500,6
3501,16
3502,70
3503,800
3504,4
3505,3240
3506,30
3507,80/12=64/3
3508,475
3509,64
3510,280
3511,420
3512,12
3513,9375
3514,31.75
3515,5760
3516,380
3517,6
3518,20
3519,4950
3520,192
3521,8
3522,24
3523,6
3524,81
3525,750
3526,40
3527,150
3528,3
3529,2
3530,4
3531,25
3532,14
3533,192
3534,0.2
3535,5
3536,9
3537,6
3538,192
3539,336
3540,150
3541,2400
3542,12120
3543,2570
3544,6
3545,5
3546,18
3547,1494
3548,588
3549,2000
3550,7
3551,75
3552,15
3553,4270
3554,205
3555,720
3556,206
3557,8
3558,50000
3559,520
3560,374
3561,1400
3562,928
3563,9
3564,380
3565,164
3566,32
3567,438
3568,1512
3569,2
3570,11
3571,10
3572,12
3573,35
3574,42
3575,2200
3576,57
3577,20
3578,18
3579,34
3580,4200
3581,76
3582,74
3583,40
3584,405
3585,40
3586,50
3587,54
3588,6480
3589,18
3590,525
3591,48
3592,57.6
3593,15
3594,70
3595,1496
3596,47
3597,15
3598,23
3599,5
3600,154
3601,80960
3602,74
3603,3024
3604,1500
3605,640
3606,40
3607,15
3608,20
3609,2
3610,9
3611,30
3612,758
3613,700
3614,945
3615,8
3616,504
3617,112
3618,2.56
3619,160
3620,240
3621,7
3622,450
3623,93
3624,15
3625,4960
3626,156
3627,48
3628,1080
3629,243
3630,1200
3631,920
3632,240
3633,13000
3634,3875
3635,175
3636,280
3637,497
3638,16
3639,380
3640,74
3641,5
3642,120
3643,4470
3644,23.7
3645,23
3646,36
3647,2470
3648,3
3649,90
3650,20
3651,9
3652,48
3653,2300
3654,138
3655,4
3656,139
3657,915
3658,70
3659,50
3660,24
3661,2450
3662,2.5
3663,54
3664,17
3665,605
3666,29
3667,290
3668,805
3669,900
3670,3090
3671,576
3672,12
3673,100
3674,9.5
3675,596
3676,8475
3677,1092
3678,1.2
3679,5880
3680,8520
3681,1200
3682,9
3683,30
3684,10
3685,98
3686,1536
3687,400
3688,1000
3689,384
3690,375
3691,2
3692,8
3693,44
3694,1058
3695,504
3696,50
3697,4
3698,1400
3699,237
3700,1632
3701,190
3702,920
3703,5
3704,1350
3705,7
3706,4500
3707,80
3708,27
3709,44
3710,6
3711,73
3712,18090
3713,9
3714,192
3715,5*38*5
3716,10000
3717,491
3718,14
3719,684
3720,12
3721,318
3722,205
3723,72
3724,148500
3725,8
3726,24
3727,100
3728,11
3729,37.5
3730,2450
3731,84
3732,320
3733,34
3734,534
3735,250
3736,107
3737,3600
3738,448
3739,12000
3740,439
3741,1500
3742,714
3743,5370
3744,120
3745,450
3746,212
3747,8
3748,300
3749,7
3750,720
3751,105
3752,200
3753,288
3754,1356
3755,3600
3756,37
3757,50
3758,3360
3759,5000
3760,1800
3761,94
3762,75
3763,8
3764,0.5
3765,11
3766,8
3767,2210
3768,300
3769,8
3770,51
3771,2160
3772,108
3773,7
3774,780
3775,11
3776,20000
3777,30
3778,76300
3779,5
3780,552
3781,20
3782,12
3783,210
3784,3
3785,2
3786,4010
3787,48
3788,414
3789,542
3790,0.65
3791,3470
3792,270
3793,64
3794,280
3795,93.6
3796,36
3797,36
3798,103
3799,948
3800,1080
3801,4.9
3802,7930
3803,7
3804,15
3805,84
3806,1693
3807,4000
3808,54
3809,8
3810,147
3811,144
3812,48
3813,15
3814,750
3815,48
3816,849
3817,5
3818,45
3819,36
3820,9950
3821,40
3822,36
3823,10
3824,120
3825,5
3826,36
3827,15
3828,576
3829,1770
3830,283
3831,34.56
3832,112000
3833,13
3834,90
3835,75
3836,896
3837,12
3838,45
3839,2940
3840,81
3841,1232
3842,192
3843,1379
3844,2
3845,7
3846,7
3847,576
3848,15
3849,760
3850,90
3851,256
3852,4.
3853,56
3854,2520
3855,50
3856,720
3857,t72
3858,455
3859,75
3860,960
3861,96
3862,140
3863,1440
3864,478
3865,3600
3866,1760
3867,375
3868,416
3869,5000
3870,10
3871,40
3872,21
3873,17280
3874,30
3875,5760
3876,54
3877,120
3878,704
3879,280
3880,7.74
3881,10
3882,5
3883,3
3884,29
3885,4
3886,180
3887,240
3888,200
3889,1200
3890,144
3891,8
3892,1.80
3893,108
3894,8
3895,24
3896,270
3897,9
3898,12
3899,25
3900,8
3901,36
3902,38
3903,3600
3904,3
3905,5
3906,144
3907,168
3908,13
3909,3.2
3910,410
3911,6
3912,98
3913,190
3914,15034
3915,5000
3916,1320
3917,8
3918,3360
3919,312
3920,75
3921,560
3922,2100
3923,45
3924,750
3925,50
3926,5
3927,270
3928,225
3929,270
3930,89
3931,4.08
3932,360
3933,39
3934,170
3935,25
3936,1920
3937,27
3938,731
3939,9216
3940,396
3941,1247
3942,7
3943,704
3944,14.4
3945,24
3946,300
3947,4
3948,40
3949,4
3950,405
3951,420
3952,5
3953,54.36
3954,462
3955,1600
3956,922
3957,3
3958,9
3959,24
3960,87
3961,144
3962,57
3963,375
3964,552
3965,140
3966,52
3967,8
3968,352
3969,12
3970,7
3971,65
3972,443
3973,920
3974,96
3975,40
3976,9
3977,23
3978,37.5
3979,30
3980,18
3981,409
3982,8
3983,540
3984,30
3985,2750
3986,51
3987,7
3988,240
3989,28
3990,1560
3991,8
3992,2920
3993,60
3994,1920
3995,13
3996,27
3997,54
3998,60
3999,20
4000,46
4001,21
4002,1890
4003,1714
4004,5932
4005,40
4006,60
4007,9
4008,80
4009,140
4010,80
4011,12
4012,196
4013,10
4014,135
4015,96
4016,20
4017,208
4018,13.8
4019,13
4020,20
4021,2.5
4022,8
4023,390
4024,80
4025,520
4026,3190
4027,8
4028,250
4029,3
4030,28
4031,18
4032,75
4033,960
4034,47
4035,6
4036,4
4037,704
4038,4250
4039,274.5
4040,40
4041,500
4042,20
4043,800
4044,12
4045,40
4046,2400
4047,2500
4048,82
4049,292
4050,192
4051,3
4052,200
4053,9
4054,54
4055,270
4056,18
4057,270
4058,207
4059,24
4060,192
4061,800
4062,576
4063,685
4064,9
4065,410
4066,142
4067,920
4068,24
4069,912
4070,20
4071,3000
4072,79
4073,220
4074,1400
4075,182
4076,30
4077,6
4078,9
4079,250
4080,12
4081,132
4082,1485
4083,1752
4084,12
4085,352
4086,122
4087,1442
4088,12000
4089,10
4090,48
4091,930
4092,12
4093,20
4094,9600
4095,4034
4096,2
4097,3.5
4098,247
4099,2040
4100,45
4101,190
4102,800
4103,30
4104,39
4105,1360
4106,2
4107,230.4
4108,38
4109,7.2
4110,8
4111,25/12
4112,4
4113,37
4114,4060
4115,85
4116,8
4117,8
4118,12
4119,690
4120,24
4121,5
4122,40
4123,9
4124,23
4125,45
4126,30000
4127,1045
4128,90
4129,75
4130,3125
4131,64
4132,1275
4133,26
4134,106
4135,24
4136,456
4137,3
4138,15
4139,1.2
4140,50
4141,257
4142,960
4143,90
4144,1112
4145,470
4146,43
4147,14
4148,12
4149,1163
4150,248
4151,100
4152,5
4153,504
4154,738
4155,5
4156,2.5
4157,428
4158,5
4159,2
4160,312.5
4161,240
4162,3.14
4163,980
4164,93.3
4165,320
4166,35
4167,380
4168,24
4169,18
4170,512
4171,18.125
4172,756
4173,1920
4174,384
4175,400
4176,32
4177,288
4178,538.56
4179,22.5
4180,4
4181,6
4182,96
4183,169
4184,96
4185,29
4186,25
4187,72
4188,3
4189,4
4190,40
4191,538
4192,400
4193,5
4194,96.25
4195,21.98
4196,175
4197,384
4198,62.8
4199,27
4200,105
4201,45
4202,130%
4203,48
4204,3.14
4205,22500
4206,14
4207,730
4208,130
4209,758
4210,18
4211,12
4212,216
4213,30
4214,95
4215,30
4216,5
4217,120
4218,50
4219,1050
4220,10
4221,180
4222,42
4223,384
4224,5
4225,200.96
4226,90
4227,180
4228,2
4229,378
4230,54
4231,70
4232,90.78
4233,75%
4234,37.82
4235,48
4236,30
4237,4380
4238,7
4239,81
4240,30
4241,20
4242,40
4243,400
4244,62
4245,960
4246,700
4247,33
4248,340
4249,2.5
4250,12
4251,23
4252,900
4253,3.95
4254,32
4255,3.5
4256,33.6
4257,8
4258,170
4259,40
4260,17
4261,548
4262,48
4263,720
4264,320
4265,8
4266,0.9
4267,54
4268,94
4269,12.56
4270,2
4271,23
4272,32
4273,75
4274,48
4275,540
4276,320
4277,140
4278,19
4279,5328
4280,36
4281,800.96
4282,60
4283,45
4284,1
4285,900
4286,20
4287,2700
4288,70
4289,31680
4290,48
4291,9
4292,11
4293,5990
4294,450
4295,144
4296,32
4297,870
4298,232
4299,90
4300,7
4301,14
4302,7200
4303,2.1
4304,320
4305,40
4306,25
4307,8
4308,5
4309,100
4310,40
4311,3200
4312,27
4313,288
4314,25%
4315,10%
4316,3996
4317,295
4318,321
4319,18
4320,192
4321,4
4322,255
4323,20
4324,5
4325,25.12
4326,51.26
4327,2
4328,50
4329,0.7
4330,32
4331,8025
4332,15
4333,288
4334,384
4335,200
4336,300
4337,92
4338,32
4339,40
4340,10%
4341,470
4342,30
4343,1800
4344,84
4345,4.2
4346,40%
4347,35
4348,2%
4349,6
4350,5
4351,50
4352,6
4353,16
4354,2
4355,2.8
4356,1.4
4357,98
4358,1.3
4359,8
4360,125
4361,8
4362,4
4363,12
4364,750
4365,8
4366,200
4367,22/15
4368,270
4369,27
4370,84
4371,10.89
4372,20
4373,20
4374,19
4375,3/5
4376,52
4377,37
4378,30
4379,9
4380,3.14
4381,94
4382,3.7
4383,45
4384,280
4385,18
4386,5
4387,2
4388,450
4389,30
4390,2000
4391,784
4392,7
4393,3
4394,20
4395,51200
4396,6400
4397,4000
4398,9
4399,5
4400,5
4401,3200
4402,192
4403,20
4404,90
4405,30
4406,30
4407,9.6
4408,17
4409,8
4410,5
4411,24
4412,50.8
4413,563
4414,528
4415,3
4416,40
4417,92
4418,1000
4419,270
4420,9
4421,75
4422,14
4423,100
4424,375
4425,360
4426,9420
4427,98
4428,376.8
4429,150.72
4430,282.6
4431,16
4432,1/3
4433,96
4434,4
4435,800
4436,125
4437,19
4438,28.26
4439,3.14
4440,10
4441,1400
4442,8%
4443,28.26
4444,130
4445,20
4446,10
4447,1500
4448,40.16
4449,34.54
4450,28.26
4451,3
4452,50.24
4453,3.5
4454,27000
4455,24
4456,9450
4457,30
4458,3
4459,30
4460,180
4461,75.36
4462,30
4463,34
4464,50.24
4465,28.26
4466,12.56
4467,3.14
4468,90
4469,840
4470,450
4471,200
4472,56.52
4473,2
4474,42300
4475,50.24
4476,2
4477,12
4478,480
4479,1200
4480,300
4481,360
4482,75.36
4483,360
4484,120
4485,150
4486,38
4487,28.26
4488,5
4489,50.24
4490,282.6
4491,2.5
4492,62.8
4493,14.5
4494,2000
4495,15
4496,37.68
4497,28.26
4498,287.5
4499,40
4500,94
4501,130
4502,6
4503,360
4504,125.6
4505,40%
4506,15.07
4507,12.56
4508,11.44
4509,4082
4510,25
4511,90
4512,12
4513,7
4514,8
4515,24
4516,6.28
4517,226.08
4518,19.625
4519,34
4520,1/3
4521,9
4522,5700
4523,5
4524,3.2
4525,56.54
4526,539.2
4527,4
4528,584
4529,1200
4530,60
4531,37.5
4532,7750
4533,6
4534,80
4535,72
4536,180
4537,900
4538,5
4539,282.6
4540,3400
4541,8
4542,502.4
4543,28.26
4544,48
4545,56.52
4546,48
4547,32
4548,75
4549,482
4550,50.24
4551,25%
4552,20.56
4553,96
4554,3
4555,34
4556,160.14
4557,56.52
4558,216
4559,30
4560,2
4561,50.24
4562,2.7
4563,30
4564,500
4565,3200
4566,275
4567,30.82
4568,314
4569,97.5%
4570,5
4571,50
4572,3
4573,28.26
4574,31.4
4575,8
4576,7
4577,3014.4
4578,801.6
4579,50.24
4580,6
4581,37.68
4582,54
4583,40.236
4584,9
4585,3.14
4586,12.56
4587,4/25
4588,300
4589,28
4590,24
4591,4
4592,48
4593,2826
4594,12
4595,4
4596,6
4597,6
4598,14
4599,385
4600,2826
4601,80
4602,90
4603,80
4604,3.216
4605,3.14
4606,78.5
4607,80.384
4608,5/8
4609,5280
4610,75
4611,314
4612,19.625
4613,628
4614,7.5
4615,3.14
4616,0.3
4617,2549.2
4618,240
4619,16
4620,12.56
4621,93.75%
4622,9
4623,500
4624,7.5
4625,1800
4626,8
4627,28.26
4628,180
4629,37.5
4630,35.2
4631,900
4632,72.48
4633,49
4634,60
4635,19
4636,192
4637,42.5
4638,500
4639,35
4640,77
4641,0.86
4642,39.25
4643,40.82
4644,5200
4645,734
4646,2.5
4647,48
4648,4
4649,74
4650,18.8
4651,20
4652,160
4653,42
4654,1000
4655,0.3
4656,1890
4657,96
4658,27
4659,36
4660,49.30
4661,1500
4662,1200
4663,20
4664,4
4665,125.6
4666,946
4667,28.26
4668,14
4669,34.53
4670,520
4671,282.6
4672,36.2
4673,200
4674,24
4675,2
4676,23.58
4677,13.75%
4678,9.35
4679,753.6
4680,42
4681,9/56
4682,25%
4683,9
4684,471
4685,8
4686,3
4687,200
4688,900
4689,2/25
4690,2.7
4691,12
4692,78
4693,23.52
4694,18.84
4695,301.44
4696,40
4697,0.78
4698,47.5
4699,314
4700,1413
4701,25.12
4702,3.5
4703,4
4704,8
4705,大
4706,376
4707,42
4708,478
4709,34
4710,20%
4711,390
4712,376.8
4713,1120
4714,87.92
4715,1
4716,19.8324
4717,28.26
4718,720
4719,23.5
4720,2/5
4721,562
4722,894
4723,2.05
4724,28.26
4725,约27.4
4726,30
4727,20
4728,78.5
4729,15
4730,4
4731,400
4732,1875
4733,36
4734,12000
4735,113.04
4736,140
4737,15
4738,1500
4739,1800
4740,25.12
4741,34.52
4742,8
4743,25.12
4744,729
4745,8729
4746,35
4747,48
4748,942.36
4749,703.36
4750,252
4751,24
4752,50.24
4753,402
4754,750
4755,4400
4756,31.4
4757,54
4758,8.1
4759,1333
4760,4
4761,5
4762,3.1
4763,0.02
4764,202
4765,18
4766,9.42
4767,314
4768,5
4769,50.24
4770,65.94
4771,28.26
4772,12.395
4773,3.6
4774,20
4775,50
4776,40.82
4777,18.84
4778,12.5%
4779,54.92
4780,31.4
4781,80.54
4782,20
4783,192
4784,600
4785,7850
4786,600
4787,3
4788,5
4789,3.14
4790,30
4791,9.45
4792,2826
4793,3140
4794,60
4795,40.32
4796,471
4797,39.25
4798,5
4799,56.52
4800,98.2
4801,753.6
4802,2
4803,10
4804,85
4805,528.32
4806,58
4807,942
4808,477
4809,2.512
4810,37.68
4811,942
4812,62.8
4813,200
4814,25
4815,216
4816,34%
4817,3/20
4818,3
4819,1500
4820,30
4821,138.16
4822,9.42
4823,215
4824,1.04
4825,300
4826,15
4827,40
4828,56.52
4829,361
4830,314
4831,2826
4832,408
4833,5
4834,409
4835,60
4836,5.2
4837,50.24
4838,25
4839,21.98
4840,11
4841,2
4842,2880
4843,73
4844,24.48
4845,750
4846,20
4847,7
4848,696
4849,408
4850,3.2
4851,50
4852,54
4853,369
4854,8/15
4855,4
4856,180
4857,2400
4858,50
4859,1/30
4860,4
4861,78.5
4862,3.5
4863,0.79
4864,2
4865,31.4
4866,15
4867,8
4868,189
4869,75
4870,49
4871,4
4872,48
4873,40
4874,3768
4875,251.2
4876,314
4877,502.4
4878,3840
4879,2/3
4880,28.26
4881,8
4882,30
4883,1/4
4884,7
4885,80
4886,12
4887,8
4888,39
4889,10
4890,3
4891,60
4892,48
4893,1000
4894,30
4895,6
4896,50
4897,70
4898,6
4899,10
4900,200
4901,18
4902,45
4903,980
4904,113.04
4905,28.26
4906,20
4907,2.5
4908,20
4909,80
4910,24
4911,113.04
4912,5
4913,4
4914,5
4915,41
4916,39
4917,36
4918,3
4919,90
4920,52
4921,8298
4922,8.2
4923,2_2/9
4924,9
4925,27
4926,800
4927,720
4928,384
4929,5
4930,480
4931,4.5
4932,7.5
4933,0.8
4934,32.5
4935,5
4936,48
4937,10
4938,2
4939,5
4940,19
4941,3
4942,9
4943,75
4944,67.5
4945,20
4946,3_1/3
4947,282.6
4948,10
4949,10
4950,18
4951,25
4952,30
4953,25
4954,576
4955,1/4
4956,48
4957,12
4958,4
4959,50.24
4960,50.24
4961,180
4962,8.2%
4963,20
4964,3
4965,100
4966,83
4967,254
4968,34
4969,64
4970,72
4971,54
4972,68
4973,43
4974,28
4975,63
4976,21
4977,18
4978,17
4979,7
4980,56
4981,9
4982,84
4983,56
4984,75
4985,18
4986,16
4987,24
4988,27
4989,12
4990,35
4991,18
4992,4
4993,5
4994,10
4995,24
4996,12
4997,24
4998,94
4999,9
5000,36
5001,27
5002,32
5003,56
5004,78
5005,175
5006,36
5007,33
5008,8
5009,1
5010,47
5011,47
5012,8
5013,5
5014,7
5015,24
5016,5
5017,6
5018,36
5019,8
5020,8
5021,28
5022,47
5023,3
5024,9
5025,57
5026,81
5027,19
5028,28
5029,20
5030,20
5031,46
5032,44
5033,27
5034,17
5035,10
5036,2
5037,11
5038,38
5039,73
5040,8
5041,4
5042,25
5043,31
5044,58
5045,23
5046,3
5047,3
5048,9
5049,18
5050,27
5051,9
5052,12
5053,35
5054,31
5055,91
5056,73
5057,80
5058,55
5059,26
5060,81
5061,12
5062,55
5063,55
5064,6
5065,18
5066,10
5067,79
5068,90
5069,80
5070,3
5071,51
5072,84
5073,16
5074,24
5075,57
5076,36
5077,8
5078,42
5079,5
5080,27
5081,30
5082,35
5083,16
5084,7
5085,56
5086,32
5087,24
5088,36
5089,33
5090,32
5091,16
5092,24
5093,23
5094,8
5095,6
5096,8
5097,16
5098,15
5099,18
5100,8
5101,18
5102,6
5103,15
5104,45
5105,18
5106,33
5107,5
5108,19
5109,20
5110,90
5111,21
5112,18
5113,27
5114,176
5115,25
5116,3
5117,50
5118,345.6
5119,8
5120,9
5121,4200
5122,960
5123,7
5124,4680
5125,70
5126,32
5127,18
5128,40
5129,4.8
5130,8
5131,30
5132,253
5133,48
5134,90
5135,30
5136,27
5137,20
5138,12
5139,314
5140,18.84
5141,31.4
5142,4.38
5143,1495
5144,2.4
5145,2.4
5146,276
5147,750
5148,3.768
5149,102
5150,1872
5151,13
5152,200
5153,8
5154,10.8
5155,4380
5156,78.5
5157,20
5158,3000
5159,240
5160,40
5161,285
5162,346
5163,13
5164,800
5165,40
5166,96
5167,306
5168,42
5169,345.6
5170,246
5171,31.4
5172,0.936
5173,750
5174,30
5175,30
5176,32
5177,12
5178,401.92
5179,2250
5180,40
5181,2
5182,4400
5183,60
5184,25
5185,2.5
5186,2300
5187,2140
5188,140
5189,13
5190,3
5191,16
5192,36
5193,18
5194,84
5195,480
5196,89
5197,24
5198,8
5199,0.8
5200,960
5201,0.32
5202,3
5203,8
5204,81
5205,36.3
5206,5
5207,200
5208,8
5209,0.7
5210,64
5211,40
5212,1720
5213,3
5214,35
5215,4
5216,18
5217,42.42
5218,29
5219,21.98
5220,380
5221,30
5222,400
5223,80
5224,480
5225,36
5226,10
5227,4
5228,54
5229,6000
5230,29.54
5231,15
5232,26.3
5233,30
5234,3360
5235,3600
5236,933.6
5237,5.024
5238,38
5239,27
5240,18
5241,2300
5242,700
5243,31.4
5244,4000
5245,48
5246,15
5247,38
5248,17
5249,3
5250,7
5251,20
5252,20
5253,32
5254,29
5255,82
5256,4
5257,7
5258,25
5259,75
5260,39
5261,1100
5262,290
5263,455
5264,0.5
5265,8
5266,8
5267,118.75
5268,2820
5269,10
5270,14
5271,5
5272,12
5273,35
5274,320
5275,75
5276,120
5277,937.2
5278,30%
5279,3840
5280,19
5281,3.2
5282,72
5283,1750
5284,200
5285,13.5
5286,50.24/3.14
5287,31.4
5288,50
5289,30
5290,96
5291,18
5292,80
5293,978
5294,4
5295,384
5296,80
5297,3
5298,13.6
5299,18
5300,4290
5301,800
5302,140
5303,500
5304,25
5305,752
5306,30
5307,36
5308,300
5309,160
5310,21
5311,13.56
5312,12
5313,35
5314,18
5315,80
5316,216
5317,70
5318,160
5319,340
5320,300
5321,16
5322,48
5323,3.925
5324,50.24
5325,375
5326,25
5327,32
5328,30
5329,20000
5330,2400
5331,24
5332,1
5333,157
5334,33.75
5335,7200
5336,144
5337,120
5338,42
5339,52
5340,1170
5341,4500
5342,50
5343,384
5344,376.8
5345,7539.25
5346,12
5347,90
5348,5
5349,270
5350,1920
5351,1100
5352,279
5353,2800
5354,18
5355,1800
5356,12
5357,800
5358,8
5359,40
5360,3.14
5361,3.75
5362,8
5363,270
5364,10
5365,50
5366,8
5367,40
5368,35.36
5369,0.7536
5370,1430
5371,5
5372,80000
5373,396
5374,28
5375,25
5376,60
5377,40
5378,2810
5379,200
5380,0.45
5381,40
5382,270
5383,552
5384,90
5385,300
5386,8
5387,1360
5388,2
5389,19
5390,8
5391,8
5392,3.6
5393,49
5394,8
5395,15
5396,300
5397,15000
5398,94
5399,35
5400,235
5401,500
5402,9
5403,84
5404,33
5405,39.2
5406,188
5407,400
5408,21
5409,25
5410,30
5411,58
5412,13.8
5413,89
5414,39.27
5415,1723.15
5416,50
5417,704
5418,48
5419,840
5420,1560
5421,2.5
5422,25
5423,9.6
5424,2.24
5425,3.75
5426,30
5427,90
5428,50
5429,900
5430,52
5431,30
5432,24
5433,870
5434,200
5435,3600
5436,432
5437,2.5
5438,2700
5439,30
5440,512
5441,27
5442,30
5443,27
5444,36
5445,0.4
5446,38
5447,2.9
5448,2.7
5449,0.5
5450,30
5451,108
5452,540
5453,135
5454,344
5455,24
5456,10
5457,3936
5458,314
5459,80
5460,30
5461,3.14
5462,9.8
5463,273
5464,4
5465,320
5466,14
5467,3
5468,1.2
5469,14.05
5470,25
5471,3800
5472,13.5
5473,0.18
5474,25
5475,28
5476,3.8
5477,24
5478,300
5479,18000
5480,7200
5481,14
5482,4.8
5483,1
5484,1
5485,2.5
5486,8
5487,201
5488,121
5489,6
5490,75
5491,30
5492,8
5493,53
5494,190
5495,42
5496,10
5497,7
5498,1790
5499,37.5
5500,3
5501,76
5502,5.25
5503,908
5504,2430
5505,25
5506,3
5507,1500
5508,405
5509,800
5510,3
5511,800
5512,32
5513,7
5514,50
5515,35
5516,500
5517,2400
5518,300
5519,5395
5520,80
5521,320
5522,3.75
5523,1920
5524,35
5525,10
5526,126
5527,120
5528,24.3
5529,2340
5530,70
5531,4000
5532,5487.5
5533,48
5534,3
5535,2
5536,5400
5537,498
5538,10.2
5539,80
5540,10
5541,54
5542,81
5543,107
5544,7
5545,30
5546,34.4
5547,73
5548,3.5
5549,45
5550,2700
5551,640
5552,432
5553,20
5554,3
5555,6000
5556,90
5557,145
5558,3
5559,20
5560,4
5561,270
5562,12440
5563,420
5564,12
5565,28
5566,12
5567,57
5568,8
5569,30
5570,4
5571,3
5572,179
5573,18750
5574,50
5575,5
5576,4
5577,31.4
5578,27.5
5579,140
5580,40.8
5581,16
5582,79.4
5583,280
5584,40
5585,9
5586,75
5587,420
5588,330
5589,46
5590,2
5591,2220
5592,25
5593,90
5594,38.5
5595,75.36
5596,270
5597,51
5598,19
5599,2700
5600,584
5601,750
5602,495
5603,2
5604,32
5605,37.5
5606,3088
5607,7
5608,11
5609,400
5610,9.78
5611,40
5612,120
5613,3.75
5614,37
5615,942
5616,157
5617,3960
5618,5.7
5619,78
5620,40
5621,314
5622,47.1
5623,5
5624,72
5625,20
5626,2970
5627,260
5628,9
5629,592
5630,250
5631,1507
5632,42
5633,2700
5634,20
5635,94.2
5636,2700
5637,4956
5638,30
5639,318
5640,12.5
5641,2978
5642,1350
5643,80
5644,19
5645,160
5646,6
5647,28.26
5648,78
5649,150
5650,72
5651,28.26
5652,420
5653,450
5654,2
5655,45
5656,200
5657,3.2
5658,5
5659,2
5660,480
5661,32
5662,80
5663,4.8
5664,2.4
5665,40
5666,30
5667,150
5668,30
5669,6
5670,480
5671,2
5672,300
5673,60
5674,960
5675,87.92
5676,1282.5
5677,30
5678,36
5679,1500
5680,500
5681,375
5682,98.4
5683,4
5684,60
5685,0.75
5686,31.25
5687,585
5688,9.838
5689,2250
5690,45
5691,1200
5692,39
5693,49
5694,960
5695,90
5696,2250
5697,1600
5698,15
5699,75
5700,8.052
5701,8
5702,55
5703,27
5704,420
5705,80
5706,82
5707,2400
5708,17
5709,12430
5710,2.97
5711,36
5712,32
5713,800
5714,11
5715,2940
5716,124
5717,8
5718,240
5719,9
5720,945
5721,37.68
5722,30.96
5723,5
5724,1080
5725,95
5726,9
5727,300
5728,9
5729,16
5730,9
5731,1440
5732,945.6
5733,102
5734,5578
5735,5
5736,3987.92
5737,400
5738,3430
5739,4500
5740,8
5741,6.4
5742,10
5743,27
5744,592
5745,300
5746,408
5747,4
5748,2000
5749,50.24
5750,642
5751,362
5752,300
5753,275
5754,232
5755,90
5756,142
5757,23
5758,95
5759,43.2
5760,20
5761,7.5
5762,150
5763,93
5764,40
5765,1
5766,2136
5767,28.8
5768,1440
5769,270
5770,20
5771,80
5772,75
5773,240
5774,24
5775,4000
5776,40
5777,180
5778,24
5779,10
5780,65
5781,8
5782,192
5783,4
5784,30
5785,3400
5786,150
5787,46
5788,127500
5789,200
5790,100
5791,15
5792,7560
5793,9280
5794,400
5795,81
5796,420
5797,6
5798,39.6
5799,7.536
5800,324
5801,32
5802,175
5803,75.6
5804,3
5805,1
5806,40
5807,100
5808,40
5809,80
5810,12
5811,4.8
5812,18
5813,975
5814,195
5815,20
5816,33
5817,88
5818,7
5819,80
5820,3.2
5821,36
5822,5
5823,45
5824,42
5825,8
5826,8
5827,19
5828,81
5829,25410
5830,2475
5831,320
5832,2800
5833,4
5834,45.38
5835,1500
5836,3.928
5837,3.2
5838,28.26
5839,37.68
5840,10
5841,4
5842,30
5843,0.75
5844,90
5845,53
5846,200
5847,360
5848,137.5
5849,45.98
5850,9
5851,72
5852,25
5853,9360
5854,8
5855,9500
5856,8400
5857,3000
5858,2400
5859,20
5860,5
5861,0.8
5862,153.9
5863,9280
5864,42
5865,1.13
5866,300
5867,3
5868,5/8
5869,3.77
5870,18
5871,12
5872,260
5873,1.25
5874,80
5875,32
5876,24
5877,72
5878,2
5879,90
5880,48
5881,411
5882,39
5883,499
5884,18
5885,100
5886,1.3
5887,10
5888,4
5889,68
5890,38
5891,90
5892,43
5893,34
5894,1980
5895,24
5896,750
5897,0.3
5898,5480
5899,3
5900,2.7
5901,5
5902,8.4
5903,3.75
5904,13500
5905,390
5906,40
5907,9
5908,21
5909,7
5910,51
5911,9
5912,16
5913,33
5914,25
5915,7
5916,3
5917,7
5918,50
5919,60
5920,46
5921,8
5922,8
5923,18
5924,40
5925,42
5926,36
5927,10
5928,694
5929,1021
5930,6
5931,8
5932,6
5933,72
5934,42
5935,8
5936,33
5937,8
5938,6
5939,35
5940,12
5941,20
5942,10
5943,15
5944,15
5945,10
5946,10
5947,36
5948,46
5949,56
5950,4
5951,5
5952,12
5953,19
5954,9
5955,42
5956,21
5957,32
5958,62
5959,44
5960,20
5961,40
5962,18
5963,36
5964,33
5965,24
5966,16
5967,53
5968,31
5969,3
5970,72
5971,53
5972,4
5973,3
5974,5
5975,8
5976,24
5977,8
5978,2
5979,12
5980,9
5981,41
5982,9
5983,4
5984,22
5985,54
5986,9
5987,34
5988,17
5989,27
5990,10
5991,4
5992,20
5993,18
5994,18
5995,20
5996,6
5997,4
5998,8
5999,5
6000,7
6001,21
6002,5
6003,6
6004,36
6005,47
6006,3
6007,9
6008,57
6009,81
6010,19
6011,28
6012,20
6013,20
6014,46
6015,44
6016,27
6017,8
6018,4
6019,25
6020,31
6021,58
6022,23
6023,3
6024,3
6025,9
6026,28
6027,27
6028,9
6029,12
6030,35
6031,31
6032,91
6033,85
6034,80
6035,55
6036,26
6037,81
6038,55
6039,5
6040,90
6041,51
6042,84
6043,16
6044,24
6045,57
6046,36
6047,4
6048,36
6049,21
6050,10
6051,34
6052,31
6053,27
6054,15
6055,88
6056,57
6057,7
6058,16
6059,8
6060,57
6061,81
6062,24
6063,90
6064,56
6065,2
6066,23
6067,27
6068,27
6069,36
6070,19
6071,9
6072,24
6073,80
6074,4
6075,20
6076,4
6077,20
6078,3
6079,25
6080,7
6081,6
6082,18
6083,53
6084,41
6085,37
6086,45
6087,19
6088,34
6089,31
6090,32
6091,11
6092,84
6093,40
6094,44
6095,30
6096,20
6097,35
6098,45
6099,25
6100,8
6101,8
6102,14
6103,47
6104,10
6105,72
6106,34
6107,9
6108,6
6109,3
6110,18
6111,4
6112,19
6113,10
6114,7
6115,5
6116,27
6117,30
6118,35
6119,16
6120,6
6121,56
6122,32
6123,27
6124,33
6125,32
6126,16
6127,24
6128,23
6129,8
6130,6
6131,8
6132,16
6133,15
6134,18
6135,8
6136,18
6137,6
6138,15
6139,45
6140,18
6141,20
6142,37
6143,34
6144,27
6145,21
6146,18
6147,27
6148,170
6149,2
6150,4
6151,80
6152,67
6153,14
6154,20
6155,15
6156,270
6157,139
6158,387
6159,498
6160,4
6161,40
6162,150
6163,5
6164,0.8
6165,2
6166,74
6167,1491
6168,50
6169,720
6170,28
6171,41
6172,20
6173,1440
6174,37.5
6175,180
6176,2450
6177,2400
6178,3.6
6179,7
6180,37
6181,27
6182,88.5
6183,308
6184,400
6185,40
6186,81
6187,5320
6188,520
6189,407
6190,253
6191,125
6192,450
6193,120
6194,25
6195,1440
6196,240
6197,4200
6198,3024
6199,36
6200,48
6201,96
6202,15
6203,36
6204,45
6205,30
6206,52
6207,58
6208,90
6209,20
6210,78
6211,192
6212,314
6213,73
6214,142
6215,270
6216,99
6217,25
6218,40
6219,5
6220,477
6221,78
6222,129
6223,39
6224,20
6225,9
6226,52
6227,9
6228,9
6229,72
6230,315
6231,247
6232,2
6233,220
6234,14
6235,2200
6236,88
6237,96
6238,121
6239,4
6240,360
6241,53
6242,210
6243,5
6244,6
6245,435
6246,270
6247,94
6248,395
6249,132
6250,5
6251,2
6252,150
6253,200
6254,36
6255,136
6256,88
6257,20
6258,4
6259,150
6260,11
6261,67
6262,1544
6263,900
6264,92
6265,75
6266,238
6267,8
6268,21
6269,540
6270,4000
6271,200
6272,800
6273,77
6274,47
6275,520
6276,20
6277,56
6278,250
6279,3
6280,9
6281,396
6282,186
6283,5
6284,172
6285,1
6286,3.7
6287,22
6288,210
6289,32
6290,40
6291,230
6292,20
6293,27
6294,78.4
6295,9
6296,1400
6297,4
6298,91.78
6299,58.4
6300,27
6301,12
6302,350
6303,470
6304,64
6305,165
6306,24810
6307,315
6308,6
6309,74
6310,157
6311,132
6312,37.5
6313,29
6314,150
6315,45
6316,24
6317,45
6318,4350
6319,500
6320,2.5
6321,6
6322,4200
6323,318
6324,3
6325,84
6326,3
6327,1970
6328,200
6329,3
6330,5920
6331,9280
6332,780
6333,9230
6334,4800
6335,696
6336,125
6337,900
6338,9
6339,40
6340,160
6341,48
6342,160
6343,570
6344,2200
6345,4
6346,6
6347,27
6348,48
6349,2
6350,20
6351,3600
6352,13
6353,7
6354,300
6355,5
6356,12
6357,970
6358,15
6359,15
6360,19
6361,128
6362,19260
6363,30
6364,12
6365,29/25
6366,3
6367,3
6368,2780
6369,708
6370,30
6371,24
6372,45
6373,3/4
6374,8
6375,40
6376,2079
6377,1584
6378,45
6379,2.5
6380,14
6381,20
6382,12
6383,7000
6384,2
6385,120
6386,80
6387,6000
6388,33.5
6389,2.4
6390,45
6391,0.9
6392,5
6393,10
6394,100
6395,30
6396,5600
6397,4.8
6398,3.3
6399,1428
6400,370
6401,200
6402,35
6403,2
6404,200
6405,400
6406,475
6407,856
6408,700
6409,20000
6410,17550
6411,0.7
6412,12000
6413,35
6414,4
6415,193.58
6416,140
6417,42.4
6418,1720
6419,8
6420,540
6421,3576
6422,2220
6423,30
6424,135
6425,5
6426,225
6427,270
6428,9
6429,28
6430,13.5
6431,8.7
6432,48
6433,1440
6434,120
6435,240
6436,180
6437,450
6438,122
6439,17
6440,1200
6441,3
6442,8
6443,50
6444,32
6445,25.1
6446,9.48
6447,187
6448,4
6449,40
6450,1389.2
6451,32
6452,38
6453,40
6454,73
6455,76.6
6456,630
6457,7
6458,900
6459,648
6460,1.44
6461,5
6462,40
6463,95
6464,2000
6465,200
6466,40
6467,5
6468,27
6469,45
6470,20
6471,20
6472,26
6473,9
6474,7
6475,24/5
6476,27
6477,9
6478,4
6479,4
6480,48
6481,20
6482,48
6483,3060
6484,50
6485,300
6486,8
6487,49
6488,480
6489,8
6490,4
6491,80
6492,240
6493,75
6494,8
6495,62.8
6496,182
6497,1728
6498,24
6499,23
6500,46
6501,32
6502,4.8
6503,4.8
6504,24
6505,600
6506,126
6507,180
6508,95
6509,16
6510,35
6511,140
6512,64
6513,295
6514,368
6515,5
6516,208
6517,152
6518,8.95
6519,3700
6520,25
6521,2520
6522,5
6523,1.49
6524,4
6525,4
6526,384
6527,19.5
6528,74
6529,81
6530,1015
6531,809
6532,32
6533,6
6534,12600
6535,225
6536,179
6537,27
6538,170
6539,38
6540,180
6541,25
6542,2400
6543,222
6544,6
6545,2576
6546,2000
6547,200
6548,201
6549,437.5
6550,83
6551,1584
6552,206
6553,9
6554,4
6555,648
6556,133
6557,75
6558,77
6559,4
6560,20
6561,720
6562,1
6563,15
6564,1048
6565,35
6566,54
6567,9
6568,22575
6569,600
6570,80
6571,45
6572,180
6573,1500
6574,12.5
6575,19338
6576,950
6577,97.2
6578,4410
6579,8
6580,36
6581,304
6582,85
6583,2920
6584,4
6585,9
6586,576
6587,34
6588,147.3
6589,8
6590,1344
6591,1330
6592,20
6593,120
6594,900
6595,75
6596,80
6597,6.7
6598,1234
6599,2730
6600,2304
6601,2250
6602,42
6603,376
6604,38
6605,209
6606,18750
6607,120
6608,18.5
6609,18
6610,46
6611,248
6612,4
6613,24
6614,345
6615,1050
6616,636
6617,759
6618,42
6619,374
6620,5
6621,10.5
6622,4
6623,576
6624,1320
6625,6
6626,13040
6627,534
6628,600
6629,60
6630,794
6631,12
6632,60
6633,70
6634,100
6635,4.5
6636,45
6637,25
6638,24
6639,24800
6640,50
6641,62.5
6642,1700
6643,30
6644,552
6645,2
6646,3800
6647,6960
6648,14290
6649,33
6650,420
6651,308
6652,30
6653,615
6654,119
6655,10.1
6656,25
6657,10
6658,205
6659,540
6660,30
6661,266
6662,7
6663,5
6664,294
6665,8
6666,109
6667,728
6668,90
6669,27
6670,1050
6671,1836
6672,90
6673,475
6674,138
6675,234
6676,28
6677,437
6678,3600
6679,900
6680,48
6681,1350
6682,532
6683,22
6684,1218
6685,192
6686,525
6687,4321
6688,287
6689,756
6690,2.5
6691,52
6692,2.1
6693,560
6694,240
6695,56
6696,7
6697,3225
6698,1152
6699,9.3
6700,47
6701,600
6702,280
6703,13
6704,4840
6705,3
6706,45
6707,45
6708,34.8
6709,41.96
6710,18000
6711,10
6712,97
6713,8
6714,5
6715,7
6716,16
6717,17
6718,23
6719,23
6720,85
6721,3216
6722,90
6723,30
6724,248
6725,1020
6726,80
6727,5
6728,27
6729,0.5
6730,21
6731,39
6732,8
6733,12
6734,23
6735,44
6736,52
6737,82
6738,38
6739,106
6740,10
6741,53
6742,10
6743,20
6744,12
6745,15
6746,2
6747,3
6748,29
6749,22
6750,21
6751,4
6752,39
6753,33
6754,36
6755,80
6756,37
6757,8
6758,30
6759,17
6760,35
6761,45
6762,6
6763,20
6764,4
6765,38
6766,4
6767,70
6768,12
6769,4
6770,4
6771,4
6772,12
6773,60
6774,20
6775,6
6776,9
6777,29
6778,0.8
6779,17
6780,11
6781,17
6782,45
6783,43
6784,25
6785,21
6786,34
6787,40
6788,8
6789,59
6790,87
6791,6
6792,18
6793,79
6794,54
6795,10
6796,30
6797,42
6798,35
6799,45
6800,49
6801,30
6802,145
6803,22
6804,9
6805,98
6806,30
6807,100
6808,10
6809,27
6810,37
6811,46
6812,40
6813,40
6814,33
6815,47
6816,9
6817,25
6818,57
6819,81
6820,37
6821,11
6822,31
6823,23
6824,4
6825,33
6826,30
6827,38
6828,12
6829,28
6830,33
6831,80
6832,57
6833,9
6834,36
6835,32
6836,46
6837,20
6838,34
6839,12
6840,5
6841,35
6842,5
6843,6
6844,13
6845,10
6846,8
6847,18
6848,4
6849,18
6850,14
6851,16
6852,10
6853,12
6854,180
6855,27
6856,7
6857,8
6858,39.52
6859,178
6860,1220
6861,60
6862,300
6863,6480
6864,520
6865,8
6866,20
6867,97.5%
6868,3584
6869,400
6870,192
6871,2
6872,290
6873,1500
6874,3600
6875,144
6876,12
6877,5
6878,260
6879,30
6880,120
6881,3000
6882,108
6883,15
6884,900
6885,200
6886,220
6887,792
6888,52
6889,9
6890,49
6891,60
6892,40
6893,157.5
6894,0.6
6895,230
6896,512
6897,520
6898,471
6899,750
6900,36
6901,0.8
6902,565.2
6903,73
6904,2.5
6905,240
6906,9
6907,45
6908,59
6909,625
6910,47
6911,360
6912,55
6913,98%
6914,93.75%
6915,2/5
6916,113.04
6917,80
6918,75.6
6919,324
6920,357
6921,300
6922,0.06
6923,27
6924,601
6925,32
6926,20
6927,5000
6928,75.36
6929,1032
6930,1434
6931,5.4
6932,80
6933,40
6934,1.8
6935,14
6936,18
6937,36
6938,11
6939,4
6940,20%
6941,200
6942,70
6943,115%
6944,89
6945,24
6946,30
6947,1
6948,55
6949,75
6950,500
6951,314
6952,132
6953,72
6954,5.2
6955,54
6956,27
6957,2.4
6958,7
6959,39.25
6960,125
6961,120
6962,7500
6963,392
6964,5
6965,75
6966,30
6967,401.92
6968,16
6969,24
6970,20
6971,18
6972,7
6973,10
6974,36
6975,150
6976,13
6977,11
6978,80
6979,160
6980,28
6981,20%
6982,720
6983,6000
6984,3
6985,40
6986,3392
6987,176
6988,200
6989,35
6990,45
6991,1600
6992,96
6993,30
6994,270
6995,1
6996,950
6997,4.88
6998,300
6999,980
7000,8
7001,1.2
7002,3
7003,9
7004,512
7005,9
7006,225
7007,280
7008,18%
7009,8
7010,42
7011,28.26
7012,125
7013,400
7014,82
7015,13920
7016,15
7017,3
7018,3936
7019,1630
7020,50
7021,75.36
7022,75
7023,72
7024,5
7025,200
7026,180
7027,2.59
7028,20%
7029,512
7030,75
7031,40
7032,8640
7033,90
7034,25%
7035,80
7036,24/5(1/8+1/12)
7037,11.8%
7038,512
7039,657
7040,2
7041,780
7042,490
7043,390
7044,75
7045,8
7046,310
7047,96
7048,35
7049,2
7050,150
7051,147
7052,8
7053,2
7054,16
7055,240
7056,28.26
7057,5
7058,1.92
7059,280
7060,93.75%
7061,27
7062,35.7
7063,4.48
7064,43
7065,3.7
7066,2400
7067,2.1
7068,12
7069,42
7070,27.42
7071,4
7072,350
7073,5
7074,20%
7075,9
7076,840
7077,50
7078,2500
7079,1.5
7080,27
7081,100
7082,60
7083,1015
7084,12
7085,10
7086,199.2
7087,4.5
7088,8
7089,37
7090,96
7091,90
7092,15
7093,576
7094,20
7095,240
7096,12
7097,36
7098,78.5
7099,2
7100,41
7101,1328
7102,39
7103,8
7104,3
7105,75
7106,328.0
7107,3000
7108,4
7109,75
7110,1/3
7111,28
7112,34.54
7113,10
7114,34/17
7115,60
7116,720
7117,251.2
7118,378
7119,600
7120,5
7121,205.4
7122,45
7123,184
7124,32
7125,9
7126,540
7127,87.5
7128,180
7129,80
7130,3.14
7131,2.5
7132,24
7133,48
7134,250
7135,23
7136,240
7137,70
7138,100
7139,30
7140,2.72
7141,0.64
7142,400
7143,20%
7144,1
7145,6
7146,94%
7147,20%
7148,9
7149,20
7150,6
7151,4
7152,350
7153,14
7154,240
7155,2000
7156,220
7157,104
7158,105.9
7159,5.4
7160,36
7161,875
7162,5
7163,3
7164,128
7165,0.5
7166,290
7167,256
7168,110
7169,24
7170,9
7171,8.8
7172,160
7173,75%
7174,25%
7175,812
7176,9
7177,1000
7178,25
7179,216
7180,12.56
7181,522.5
7182,1400
7183,555
7184,2.4
7185,78
7186,4
7187,768
7188,4
7189,39
7190,94
7191,48
7192,225
7193,89328
7194,6160
7195,5.7
7196,1500
7197,144
7198,35
7199,90
7200,5
7201,12
7202,6340
7203,108
7204,2
7205,72
7206,280
7207,8
7208,8000
7209,358
7210,306
7211,0.7
7212,48
7213,8
7214,2
7215,251.2
7216,796
7217,90.4
7218,34.54
7219,703
7220,59
7221,2196
7222,18
7223,20%
7224,125
7225,9
7226,15
7227,19
7228,32
7229,40
7230,16%
7231,720
7232,30
7233,80
7234,3.5
7235,105
7236,24.9
7237,100
7238,200
7239,10
7240,8
7241,300
7242,30
7243,960
7244,7
7245,630
7246,73
7247,9.6
7248,168
7249,2000
7250,3000
7251,2
7252,72
7253,216
7254,30
7255,790
7256,4
7257,245
7258,1220
7259,197
7260,150
7261,90
7262,36
7263,136
7264,230
7265,201
7266,88
7267,480
7268,5
7269,880
7270,37.68
7271,94.2
7272,18
7273,240
7274,2
7275,25
7276,75
7277,250
7278,750
7279,400
7280,10
7281,120
7282,240
7283,9.1%
7284,30
7285,15
7286,12
7287,4
7288,5
7289,180
7290,9
7291,500
7292,20
7293,135
7294,8000
7295,294
7296,240
7297,150
7298,272
7299,63.4
7300,40
7301,9/10
7302,270
7303,90
7304,15000
7305,40
7306,432
7307,450
7308,2450
7309,3
7310,7
7311,2.5
7312,62
7313,240
7314,1029
7315,18.84
7316,25
7317,125.6
7318,600
7319,942
7320,7
7321,120
7322,30
7323,500
7324,70
7325,3
7326,2000
7327,0.5
7328,450
7329,18
7330,12.5
7331,240
7332,0.38
7333,98
7334,900
7335,181
7336,2970
7337,35.36
7338,6
7339,1384
7340,45.475
7341,50
7342,5
7343,3
7344,432
7345,450
7346,187.9
7347,3875
7348,31.4
7349,200
7350,36
7351,22
7352,90
7353,8
7354,750
7355,480
7356,31.825
7357,450
7358,9
7359,29
7360,14
7361,940
7362,750
7363,6
7364,190
7365,50
7366,4000
7367,4000
7368,2000
7369,70
7370,12
7371,3
7372,480
7373,48
7374,20
7375,40/9
7376,1/12
7377,53.968
7378,48
7379,800
7380,300
7381,500
7382,400
7383,30
7384,5
7385,394.2
7386,502.4
7387,750
7388,2
7389,14
7390,6
7391,7
7392,24
7393,314
7394,240
7395,440
7396,720
7397,84
7398,36
7399,60
7400,64
7401,5
7402,9
7403,24
7404,5
7405,720
7406,5
7407,5
7408,4
7409,300
7410,97
7411,14
7412,125
7413,150
7414,65
7415,4
7416,4
7417,128
7418,195
7419,25%
7420,91
7421,6
7422,9
7423,54
7424,19
7425,400
7426,54
7427,18
7428,8
7429,3600
7430,97.5%
7431,480
7432,70
7433,5
7434,18
7435,90
7436,72
7437,19.8
7438,28
7439,6
7440,960
7441,4
7442,240
7443,0.08
7444,17.5
7445,0.5
7446,35
7447,180
7448,6400
7449,7500
7450,15.7
7451,20
7452,4
7453,175
7454,5
7455,53
7456,60%
7457,48
7458,3.84
7459,5
7460,500
7461,360
7462,64
7463,3000
7464,9.7
7465,270
7466,520
7467,24
7468,1250
7469,25
7470,314
7471,31.4
7472,40
7473,0.2
7474,153
7475,9
7476,520
7477,4
7478,55
7479,5.12
7480,31
7481,48
7482,80
7483,400
7484,4380
7485,270
7486,438
7487,27
7488,10
7489,3840
7490,25
7491,4097
7492,53
7493,80
7494,90
7495,24
7496,8
7497,475
7498,3.3
7499,45
7500,149.829
7501,2
7502,3
7503,3
7504,2700
7505,273
7506,28
7507,1584
7508,30
7509,20
7510,3
7511,900
7512,2850
7513,35
7514,120
7515,375
7516,69
7517,390
7518,4
7519,2
7520,1550
7521,420
7522,2828
7523,16
7524,744
7525,96
7526,5340
7527,675000
7528,5
7529,5
7530,43
7531,30
7532,12
7533,480
7534,2240
7535,479.2
7536,190
7537,34
7538,40
7539,7
7540,60
7541,13
7542,1212
7543,30
7544,75
7545,245.6
7546,52
7547,63.58
7548,1350
7549,47.1
7550,80
7551,314
7552,20
7553,79
7554,90
7555,840
7556,37
7557,1800
7558,72
7559,8.4
7560,37.5
7561,9
7562,200
7563,234
7564,40
7565,576
7566,93
7567,8
7568,930
7569,960
7570,14
7571,9
7572,25.72
7573,16
7574,7200
7575,2
7576,4
7577,75.36
7578,40.8
7579,4/5
7580,200
7581,98
7582,27
7583,270
7584,150
7585,900
7586,0.75
7587,40
7588,40
7589,182
7590,240
7591,20
7592,20
7593,2
7594,250
7595,3075
7596,97
7597,28
7598,90
7599,45
7600,15
7601,4
7602,89.28
7603,24
7604,18
7605,184
7606,512
7607,125
7608,40
7609,35
7610,30
7611,7
7612,34
7613,72
7614,2.976
7615,1.44
7616,2
7617,8
7618,18
7619,40
7620,24
7621,12
7622,40
7623,9
7624,0.8
7625,54
7626,320
7627,57.5
7628,36.55
7629,0.6
7630,4.4
7631,3.8
7632,63
7633,240
7634,90
7635,85%
7636,800
7637,14.5
7638,1490
7639,54
7640,23.7
7641,3/5
7642,3/8
7643,10
7644,20
7645,20
7646,72/100
7647,18
7648,1/2
7649,1/7
7650,2240
7651,3750
7652,3
7653,1.3
7654,36
7655,2400
7656,9/20
7657,64
7658,20
7659,10.4
7660,1440
7661,32
7662,7/5
7663,3/8
7664,2
7665,2/5
7666,1/6
7667,5000
7668,9
7669,75
7670,37
7671,32
7672,4
7673,8
7674,7
7675,405
7676,2.25
7677,2380
7678,2
7679,17
7680,16
7681,3968
7682,6000
7683,7
7684,90
7685,70
7686,800
7687,216
7688,19/35
7689,36
7690,1800
7691,4
7692,8160
7693,2
7694,3
7695,5340
7696,9_3/5
7697,3
7698,5
7699,26
7700,5
7701,260
7702,7
7703,9.5
7704,13.35
7705,9.4
7706,3015
7707,90
7708,28
7709,132
7710,72
7711,1/12
7712,15
7713,1/24
7714,3
7715,45
7716,49
7717,60.2
7718,5/24
7719,120
7720,11
7721,43.2
7722,87.5
7723,90
7724,1350
7725,7
7726,8/10
7727,9
7728,228
7729,5
7730,140
7731,882
7732,3.75
7733,0.3
7734,200
7735,337.5
7736,21
7737,6
7738,100
7739,120
7740,74
7741,180
7742,36
7743,85
7744,800
7745,170
7746,42
7747,30
7748,204
7749,43
7750,3
7751,700
7752,1.8
7753,520
7754,0.4
7755,3.75
7756,35
7757,672
7758,120
7759,3/10
7760,5
7761,13.4
7762,400
7763,27
7764,4
7765,6
7766,12
7767,31200
7768,20
7769,336
7770,139
7771,2865
7772,3_1/4
7773,300
7774,43.2
7775,432
7776,2590
7777,53
7778,10
7779,60
7780,137/15
7781,450
7782,32
7783,42
7784,240
7785,10
7786,19
7787,360
7788,810
7789,150
7790,423.75
7791,27
7792,150
7793,3/7
7794,13
7795,15
7796,16
7797,7/20
7798,1260
7799,1440
7800,75
7801,70
7802,6400
7803,3/8
7804,15
7805,36
7806,50
7807,147
7808,580
7809,20
7810,3.2
7811,128
7812,0.5
7813,30
7814,3
7815,30
7816,1/5
7817,15
7818,240
7819,2.55
7820,50
7821,9/10
7822,5416
7823,924
7824,0.2
7825,39
7826,50/9
7827,7/15
7828,800
7829,45
7830,52
7831,630
7832,21
7833,25
7834,0.93
7835,25
7836,59/40
7837,7
7838,600
7839,50
7840,94
7841,2/15
7842,4
7843,27
7844,75
7845,4
7846,8
7847,135
7848,45
7849,410
7850,够
7851,3/4
7852,570
7853,7
7854,16
7855,5/2
7856,4
7857,2_2/8
7858,48
7859,360
7860,31
7861,20/3
7862,288
7863,3
7864,11
7865,57
7866,840
7867,18
7868,4
7869,3
7870,300
7871,3/4
7872,15
7873,12.6
7874,28
7875,2/5
7876,4
7877,7
7878,300
7879,13
7880,1/8
7881,150
7882,125
7883,7/10
7884,1/30
7885,3/5
7886,96
7887,1/2
7888,24
7889,3
7890,8
7891,2.5
7892,3
7893,375
7894,219
7895,102
7896,813
7897,25
7898,300
7899,3
7900,1
7901,10
7902,5
7903,20
7904,5.72+0.3
7905,18
7906,620
7907,187.5
7908,24/7
7909,1/2
7910,8
7911,2.5
7912,8
7913,79.2
7914,2130
7915,1/16
7916,10
7917,96
7918,1/5
7919,864
7920,9/20
7921,2
7922,1/2
7923,1/4
7924,7
7925,216
7926,150
7927,360
7928,2
7929,480
7930,25
7931,90
7932,4/5
7933,24
7934,37
7935,5/8
7936,2/5
7937,2/5
7938,1000
7939,8
7940,7
7941,8
7942,7/12
7943,14
7944,300
7945,42
7946,4
7947,17
7948,40
7949,50
7950,2.5
7951,2.5
7952,18
7953,12
7954,128
7955,86
7956,6
7957,2460
7958,2.5
7959,235
7960,31/30
7961,20
7962,200
7963,200
7964,7200
7965,6
7966,10
7967,24
7968,594
7969,47
7970,81
7971,4
7972,504
7973,100
7974,12
7975,290
7976,125
7977,20
7978,7
7979,4
7980,32
7981,352
7982,7
7983,800
7984,30
7985,70
7986,5
7987,187.5
7988,420
7989,14400
7990,504
7991,72
7992,7
7993,1200
7994,193
7995,4
7996,180
7997,910
7998,4/7
7999,42
