0,3920
1,86.5
2,11
3,14.87
4,5
5,300
6,600
7,5000
8,8.8
9,4
10,11
11,95.24
12,102.22
13,56
14,36
15,720
16,16
17,1.96
18,135
19,11
20,12
21,5
22,100
23,68
24,81
25,54
26,-11
27,9.
28,1.886
29,1950
30,14.4
31,80
32,4
33,720
34,36
35,4
36,251
37,5
38,4
39,48
40,400
41,24
42,7
43,500
44,100
45,16
46,90
47,288
48,40
49,280
50,656
51,8
52,98
53,280
54,778
55,120
56,698
57,4875
58,1248
59,3
60,13
61,1201
62,4.
63,738
64,1176
65,7056
66,11800.2
67,180
68,280
69,765
70,10
71,49.84
72,40
73,32
74,125
75,8
76,0.00025
77,5
78,24
79,194
80,3.9
81,9
82,7
83,196
84,260
85,80
86,15
87,90
88,61
89,374
90,7.364
91,20
92,4
93,1735
94,1536
95,235.62
96,4
97,16
98,8
99,260
100,2014.4
101,400
102,3780
103,14
104,6.927
105,20
106,9
107,20427.5
108,10.9
109,12
110,0.8
111,1200
112,504
113,147
114,2
115,160
116,6
117,1638
118,192
119,124
120,1.22
121,13
122,0.175
123,69
124,20000
125,100
126,170
127,44
128,49
129,360
130,1
131,4191
132,10
133,23
134,11200
135,770
136,625
137,25
138,32
139,994
140,260
141,110
142,96
143,15
144,8171.2
145,356
146,10
147,8400
148,1200
149,8
150,9
151,494
152,45
153,490
154,8000
155,10
156,91
157,600
158,10
159,205
160,0.8333
161,5
162,5
163,1413
164,7
165,1350
166,154
167,750
168,10
169,312
170,19.74
171,35
172,672
173,144
174,25
175,14
176,48
177,9
178,32
179,11
180,60
181,4
182,10
183,3
184,3
185,20650
186,5000
187,60
188,38
189,3
190,3910
191,122.46
192,245
193,880
194,400
195,182
196,704
197,9.42
198,450
199,17
200,450
201,114
202,21.6
203,8
204,2500
205,12
206,9
207,6
208,40
209,2648
210,4
211,2187.48
212,169
213,145.8
214,1
215,612500
216,32
217,12.75
218,64536
219,0
220,1
221,333
222,20
223,16
224,200
225,872
226,122
227,9
228,1.09
229,172.8
230,190
231,493
232,3340
233,207
234,684
235,67825
236,691
237,495
238,7.
239,205
240,790
241,532000
242,119
243,5450
244,432
245,3
246,25.12
247,13.33
248,860
249,9
250,25
251,60
252,4113.00
253,70
254,1620
255,3000
256,1536
257,1
258,7
259,5
260,2310
261,96.75
262,20.42
263,108
264,5
265,6
266,24
267,276
268,26
269,95
270,250000
271,128
272,500
273,12
274,520
275,1585
276,-289
277,5.4
278,32
279,850
280,288
281,34
282,8
283,92
284,70
285,18
286,240
287,579
288,4
289,51125
290,944
291,6
292,8
293,546
294,16
295,21
296,10080
297,10
298,3
299,91
300,112
301,1.35
302,8
303,8
304,36
305,1070.01
306,9
307,5
308,2
309,6
310,628
311,450
312,32
313,7
314,144
315,60
316,1000
317,108
318,900
319,7
320,4
321,144
322,7
323,255
324,8
325,62
326,3450
327,84.5
328,890
329,6.
330,12475
331,434000
332,16000
333,300
334,7
335,344
336,15
337,486
338,75
339,4
340,500
341,10
342,20.1
343,50
344,1
345,48
346,3
347,9
348,425
349,2400
350,0.32
351,600
352,360
353,2290
354,168
355,140
356,683
357,4
358,000
359,12
360,11304
361,125.6
362,45
363,54
364,90
365,11
366,31
367,32
368,1
369,209
370,6
371,242
372,10
373,7
374,124
375,1350
376,550
377,648
378,4489
379,6
380,14
381,35
382,2
383,6240
384,56890
385,90
386,3.6
387,299.4
388,700
389,19
390,30
391,1260
392,48
393,800
394,141.33
395,35.43
396,90
397,17
398,6592
399,13
400,72
401,136
402,118
403,9
404,350
405,32
406,15
407,2.5
408,4.575
409,3.14
410,3
411,7
412,2
413,800
414,100
415,574
416,87
417,9.6
418,1320
419,20
420,9
421,1
422,5.
423,0.5
424,3.36
425,15.12
426,16
427,400
428,756
429,1500
430,580
431,580
432,384
433,112
434,12960
435,31
436,544
437,44
438,10.2
439,4500
440,2
441,72
442,410
443,17.5
444,64
445,765
446,10
447,1.35
448,24
449,1920
450,1452
451,68
452,15.66
453,10
454,33.33
455,133
456,12
457,36
458,76
459,390
460,240
461,2400
462,33
463,816
464,120
465,1710
466,330
467,6
468,21
469,30
470,5.
471,16
472,700
473,125.66
474,320
475,126
476,534
477,110.9
478,10
479,231
480,3.6
481,533
482,158.33
483,3.2
484,1500
485,35
486,132
487,6
488,16
489,968
490,3
491,96
492,100
493,24.72
494,1240
495,51.03
496,9.
497,1440
498,80
499,1344
500,272
501,7005
502,72
503,1
504,885
505,639
506,2400
507,140
508,28274.36
509,4
510,975
511,14
512,0
513,0
514,1160
515,57
516,786
517,0.95
518,4
519,420
520,45
521,8
522,355
523,21820.5
524,1.625
525,100
526,340
527,000
528,30
529,2260.8
530,120
531,9
532,15
533,52.95
534,13.5
535,45
536,100
537,22
538,7
539,96
540,270
541,20
542,9
543,1350
544,44
545,30
546,5
547,0.43
548,100
549,20
550,1730
551,78.54
552,48
553,3
554,800
555,375
556,1
557,126
558,35
559,38.4
560,0.36
561,6
562,2
563,64
564,5
565,60
566,20
567,70
568,5000
569,15.05
570,11
571,16.8
572,10702.5
573,24
574,3500
575,3
576,8
577,1.33
578,250
579,190
580,1600
581,38
582,514.3
583,900
584,-5
585,9.5
586,21
587,33
588,9.8
589,240
590,79
591,16
592,0
593,0.4
594,1
595,9
596,0.4
597,945
598,38.4
599,358
600,1078
601,5
602,15
603,100
604,60
605,18
606,0.4
607,750
608,
609,62
610,60
611,18
612,78
613,0.06
614,9.6
615,39000
616,116.8
617,0.00025
618,
619,90
620,99.4
621,20000
622,0.9875
623,-114
624,3
625,3.33
626,880
627,180
628,421
629,18
630,3
631,78.5
632,4
633,2000
634,389000
635,90.56
636,100
637,75
638,99
639,10
640,3.94
641,216
642,500
643,4
644,750
645,22
646,2
647,48
648,215
649,212
650,17
651,15
652,5
653,8
654,98
655,49
656,10
657,98
658,12
659,95
660,12
661,400
662,950
663,25
664,60
665,1094.5
666,1
667,250
668,1
669,5.
670,18
671,0
672,32
673,120
674,0.00454545
675,92
676,10
677,4.5
678,97.44
679,0.0107
680,15000
681,21.16
682,540
683,450
684,10.9
685,42
686,3360
687,100
688,36
689,30
690,500
691,1500
692,81
693,108
694,18
695,725
696,16
697,1
698,200
699,43.57
700,300
701,48
702,5
703,5.29
704,1.25
705,15
706,100
707,100
708,32
709,21
710,1
711,38
712,9
713,8.
714,11.11
715,1999999.95
716,240
717,384
718,4.
719,158
720,5
721,0.7536
722,150.5
723,20
724,76
725,510
726,42.5
727,234
728,150
729,160
730,210
731,30
732,32
733,100
734,295
735,1.5
736,52.625
737,2
738,52.5
739,160
740,5
741,2.5
742,3
743,124.8
744,150
745,40
746,33.33
747,0.5
748,108
749,332
750,13
751,28
752,40
753,8
754,59.5
755,250
756,7
757,384
758,34
759,600
760,87.5
761,30.87
762,707.55
763,98.36
764,29
765,4.
766,147.27
767,11
768,26666.67
769,10
770,851
771,60
772,187
773,90
774,000
775,288
776,10048
777,240
778,2
779,4
780,5
781,32000
782,2
783,30
784,1170
785,156
786,6.283185307179586
787,1.97
788,100
789,176
790,98
791,1296
792,1225
793,56
794,32.65
795,2450
796,8
797,45
798,2
799,20
800,28.6
801,60
802,48
803,47.29
804,9
805,4.4
806,1250
807,216
808,60
809,9
810,4.8
811,1
812,2
813,21.26
814,25
815,4840
816,2000
817,61
818,18
819,600
820,70
821,150
822,22
823,180
824,37.67
825,1050
826,1
827,1
828,333
829,20
830,290
831,160
832,100.2
833,5
834,166.67
835,320
836,45
837,64
838,26
839,5
840,12
841,1.67
842,2
843,35.2
844,546
845,151
846,-32
847,42
848,3600
849,
850,3.
851,1100
852,10
853,72
854,20
855,33.625
856,200
857,
858,1
859,1
860,125
861,300
862,58
863,7
864,2400
865,11
866,165.3
867,27.64
868,181.5
869,4
870,0.0138
871,40
872,108
873,63
874,90
875,17
876,25000000
877,114.29
878,19.74
879,19.6
880,78
881,505
882,8.
883,14.07
884,7
885,12
886,360
887,157.08
888,16
889,8.
890,9
891,720
892,468.75
893,3.3
894,160
895,9
896,285
897,1
898,24
899,-7
900,4000
901,207000
902,0.062793
903,75
904,150
905,843750
906,0
907,84
908,1140
909,1
910,4
911,31.28
912,
913,29
914,9.9
915,385
916,754
917,31.4
918,109.36
919,6
920,200
921,6
922,4
923,97.08
924,13
925,4.5
926,97.5
927,320
928,30
929,38.07
930,2
931,7270
932,120
933,2577.4
934,7.1
935,45
936,60
937,48
938,6.66
939,18
940,48
941,7
942,210
943,24
944,5
945,12
946,176
947,18
948,540
949,6
950,0.3
951,32
952,96
953,51.75
954,600
955,10
956,16
957,60
958,2389.35
959,1300
960,4
961,2
962,640
963,32139.75
964,16
965,106
966,675
967,3
968,720
969,20000
970,76.24
971,9
972,3424
973,1
974,41
975,18.84
976,350
977,16
978,1.739
979,780
980,65.00
981,7
982,1
983,448
984,0.5197
985,9
986,12
987,10
988,5
989,150
990,280
991,690
992,600
993,16.33
994,5.88
995,9
996,11
997,81
998,72
999,3
1000,0.314
1001,240
1002,89
1003,45
1004,27
1005,10
1006,2
1007,31
1008,979200
1009,2.33
1010,0.5
1011,163
1012,312.5
1013,104
1014,1
1015,2
1016,3
1017,240
1018,94
1019,6
1020,3
1021,60
1022,140
1023,78.5
1024,10
1025,1380
1026,600
1027,10
1028,50
1029,88
1030,20
1031,196
1032,33
1033,2.5
1034,16.
1035,192
1036,5.
1037,3
1038,80
1039,16
1040,63
1041,6300
1042,2
1043,62.5
1044,66.5
1045,1175.625
1046,16
1047,18
1048,167
1049,412.5
1050,150
1051,100
1052,8
1053,3
1054,0.001
1055,1
1056,7
1057,
1058,0
1059,0.512
1060,50
1061,31.4
1062,0.748
1063,4.5
1064,60
1065,20
1066,150
1067,13.5
1068,150
1069,-15
1070,205
1071,18.75
1072,54
1073,284
1074,5
1075,4138
1076,75
1077,90
1078,0.6
1079,60
1080,150
1081,84
1082,25
1083,20
1084,0.00013
1085,17.2
1086,60
1087,480
1088,9
1089,0.0144
1090,165
1091,45
1092,7395
1093,9.
1094,6.
1095,30
1096,2880
1097,64
1098,
1099,576
1100,7
1101,128
1102,559
1103,15
1104,285
1105,40
1106,18.5
1107,12
1108,2.18
1109,16
1110,112.5
1111,300
1112,7.73
1113,150
1114,850
1115,76
1116,0.2
1117,170
1118,8
1119,3
1120,7.5
1121,10
1122,36
1123,20
1124,8
1125,1788
1126,14
1127,40
1128,10000
1129,66.67
1130,0.66
1131,26
1132,7.
1133,200
1134,128
1135,75
1136,5
1137,5
1138,480
1139,184
1140,3000
1141,27
1142,120
1143,300
1144,15
1145,4
1146,15000
1147,334
1148,9.
1149,19.3
1150,232
1151,1
1152,2
1153,7
1154,12
1155,60
1156,30
1157,30
1158,841
1159,36
1160,14
1161,6
1162,160
1163,30
1164,8915
1165,24
1166,5
1167,20
1168,25
1169,15
1170,2013
1171,720
1172,360
1173,15
1174,1.5
1175,98
1176,3.33
1177,0.2
1178,29760
1179,276
1180,7
1181,11250
1182,24
1183,94
1184,353
1185,300
1186,1
1187,200
1188,191
1189,198
1190,5.
1191,135
1192,3
1193,11250
1194,12
1195,4.76
1196,1.5
1197,2.4
1198,342
1199,2
1200,1.16
1201,0.25
1202,475
1203,56.25
1204,4.97
1205,59
1206,94.2
1207,94
1208,3
1209,5
1210,9.
1211,27.27
1212,68
1213,45
1214,25.7
1215,1000
1216,-45
1217,18
1218,42
1219,1
1220,36.36
1221,27
1222,1.5
1223,63.6
1224,48
1225,33.33
1226,28.26
1227,1700
1228,20
1229,21
1230,1.25
1231,8
1232,54
1233,1728
1234,1800
1235,176.85
1236,198
1237,25
1238,7
1239,15
1240,4
1241,3
1242,100
1243,20
1244,29.08
1245,24
1246,85
1247,89
1248,56
1249,40
1250,16
1251,55
1252,10
1253,16
1254,36
1255,8
1256,30
1257,53
1258,24
1259,7
1260,53
1261,22
1262,4
1263,37
1264,6
1265,36
1266,8
1267,13
1268,23
1269,18
1270,55
1271,53
1272,30
1273,86
1274,45
1275,12
1276,90
1277,00
1278,78
1279,30
1280,81
1281,16
1282,84
1283,36
1284,7.98
1285,40
1286,69
1287,5
1288,3.
1289,8
1290,18
1291,21
1292,11
1293,10
1294,55
1295,6.
1296,1
1297,3
1298,800
1299,1
1300,6
1301,20
1302,6
1303,5.6
1304,1
1305,5
1306,0
1307,5
1308,8
1309,9
1310,7
1311,6
1312,4
1313,8
1314,4
1315,13
1316,13
1317,41
1318,11
1319,6
1320,7
1321,18
1322,92
1323,31
1324,-32
1325,40
1326,17
1327,11
1328,37
1329,6
1330,42
1331,6
1332,34
1333,10
1334,1
1335,80
1336,54
1337,0
1338,30
1339,5
1340,73
1341,36
1342,6
1343,7
1344,24
1345,84
1346,63
1347,24
1348,6
1349,17
1350,23
1351,16
1352,19
1353,28
1354,22
1355,3.14
1356,196
1357,37.68
1358,2.8
1359,300
1360,48
1361,550
1362,000
1363,9
1364,0.83
1365,5
1366,172
1367,8
1368,2512
1369,120
1370,144
1371,81
1372,335
1373,90
1374,67.5
1375,4
1376,3250
1377,48
1378,0.6
1379,0.068
1380,27.3
1381,16579.76
1382,667
1383,8
1384,40
1385,6.
1386,2
1387,24
1388,108.33
1389,5.436
1390,42
1391,18
1392,48000
1393,2
1394,4
1395,16
1396,800
1397,60
1398,95
1399,168
1400,6
1401,18
1402,8
1403,100
1404,36
1405,6
1406,260
1407,-3
1408,1513
1409,150
1410,139
1411,5.
1412,6250
1413,320
1414,124
1415,17.28
1416,3750
1417,1.8
1418,0
1419,30
1420,1
1421,17.1
1422,33.45
1423,3.6
1424,0.04
1425,15
1426,9
1427,6
1428,126
1429,3
1430,22.5
1431,16
1432,21
1433,48
1434,1.5625
1435,44.3
1436,648
1437,271.92
1438,191.75
1439,72
1440,60
1441,10
1442,110
1443,180
1444,20
1445,50
1446,150
1447,425
1448,0.85
1449,4
1450,88
1451,8
1452,144
1453,307
1454,36
1455,2
1456,169
1457,46
1458,-2
1459,9
1460,602
1461,5.
1462,92
1463,8.
1464,-50
1465,180
1466,28
1467,2
1468,8
1469,1.1
1470,216
1471,57
1472,10
1473,10
1474,26
1475,8
1476,50
1477,1000
1478,16
1479,240
1480,0.6
1481,000
1482,10
1483,414
1484,40.12
1485,4
1486,11
1487,33
1488,11
1489,242
1490,33.64
1491,51
1492,30
1493,7000
1494,60
1495,1
1496,15
1497,4
1498,30.86
1499,154.05
1500,273
1501,3.6
1502,79
1503,40
1504,588
1505,28
1506,22
1507,216
1508,1
1509,180
1510,945
1511,150
1512,640
1513,162
1514,50
1515,6200
1516,36
1517,1.7
1518,-309
1519,24
1520,90
1521,19
1522,300
1523,41
1524,331
1525,6
1526,140
1527,4
1528,6
1529,780
1530,1698.88
1531,6
1532,25
1533,150
1534,4800
1535,4
1536,2.5
1537,30
1538,105
1539,160
1540,128
1541,16
1542,18
1543,60
1544,7.98
1545,240
1546,100
1547,350
1548,3
1549,38
1550,0.39
1551,96
1552,3050
1553,2250
1554,10
1555,200
1556,11.46
1557,2.89
1558,4
1559,12.5
1560,380
1561,34
1562,10
1563,2.
1564,280
1565,50
1566,60
1567,7.8
1568,000
1569,10.01
1570,2000
1571,20
1572,1800
1573,16
1574,32.28
1575,28.27
1576,992
1577,17.80
1578,210
1579,306
1580,10
1581,64
1582,125
1583,250
1584,125
1585,692
1586,701.1
1587,50
1588,82
1589,75
1590,73
1591,232
1592,108
1593,175
1594,46
1595,64
1596,5.2
1597,88.57
1598,3278
1599,88
1600,30
1601,1000
1602,75
1603,1600
1604,12
1605,10.
1606,1512
1607,121
1608,8
1609,3.14
1610,5024
1611,3927
1612,850
1613,2008.8
1614,37.68
1615,48
1616,563
1617,16
1618,176
1619,6
1620,45
1621,40
1622,9.
1623,120
1624,25
1625,364.26
1626,6.857
1627,25
1628,1
1629,15
1630,2666.67
1631,3.33
1632,15
1633,2
1634,1
1635,2000
1636,10
1637,54
1638,2.18
1639,20
1640,84
1641,82.22
1642,1600
1643,720
1644,110.88
1645,4.01
1646,2
1647,8
1648,719
1649,1
1650,1770
1651,31.67
1652,45
1653,19
1654,15
1655,2
1656,6
1657,2.5
1658,30
1659,20.1
1660,41
1661,3
1662,25
1663,10
1664,3.2
1665,26
1666,31
1667,110
1668,1600
1669,0.38
1670,10
1671,000
1672,12000
1673,8
1674,50
1675,72
1676,14.
1677,12
1678,18
1679,2450
1680,45
1681,300
1682,142
1683,300
1684,3.6
1685,60
1686,135.1111
1687,135
1688,2
1689,149.94
1690,1120
1691,0.0002
1692,48000000
1693,0.00085
1694,113.04
1695,480
1696,1040
1697,314
1698,30
1699,16
1700,43.2
1701,10
1702,24
1703,1.0
1704,3
1705,1.25
1706,45
1707,11
1708,600
1709,2.5
1710,
1711,-9
1712,6.6
1713,40
1714,1.33
1715,10
1716,-18
1717,400
1718,31.5
1719,400
1720,5
1721,26
1722,9
1723,3
1724,4.
1725,22
1726,32
1727,122.75
1728,16
1729,360
1730,20
1731,4
1732,110
1733,37.5
1734,25
1735,72
1736,2
1737,130
1738,712.5
1739,1496
1740,17.25
1741,60
1742,417.5
1743,1380
1744,-7.5
1745,28
1746,336
1747,12.7
1748,32
1749,
1750,114
1751,4524
1752,42
1753,1.74
1754,25
1755,1.8
1756,72
1757,300
1758,31.4
1759,1.6
1760,17
1761,192
1762,-32.13
1763,1.15
1764,0.83
1765,300
1766,5
1767,10
1768,36
1769,8
1770,0.319
1771,120
1772,550
1773,9
1774,12.8
1775,66
1776,2400
1777,235
1778,820
1779,1030
1780,6.28
1781,50
1782,940
1783,30
1784,68
1785,2
1786,9
1787,6
1788,136
1789,6
1790,600
1791,250
1792,5
1793,460
1794,5
1795,23
1796,5
1797,35
1798,24
1799,450
1800,230
1801,2
1802,3360
1803,9000
1804,166.67
1805,12
1806,10
1807,32
1808,80
1809,7
1810,12059
1811,8
1812,285.72
1813,0.15
1814,27
1815,45
1816,1
1817,20
1818,102
1819,72
1820,7040
1821,36
1822,216
1823,9
1824,4200
1825,550
1826,10
1827,4
1828,160
1829,228.79
1830,40
1831,10
1832,5
1833,16
1834,34
1835,10
1836,2685
1837,4
1838,15
1839,4
1840,0.15
1841,2
1842,12
1843,3
1844,11.2
1845,
1846,30
1847,78
1848,9
1849,3000
1850,817
1851,3975
1852,35
1853,1555
1854,3
1855,12
1856,800
1857,950
1858,60
1859,3
1860,40
1861,0.6
1862,96
1863,24
1864,6
1865,9
1866,1210
1867,6
1868,30
1869,6720
1870,4410
1871,5
1872,5400
1873,98
1874,1.57
1875,2
1876,24
1877,6
1878,126
1879,46
1880,47180
1881,7.35
1882,6
1883,000
1884,1
1885,20
1886,20
1887,6
1888,600
1889,245
1890,2
1891,52
1892,54
1893,0.69
1894,80
1895,2560
1896,4
1897,3
1898,0
1899,5376
1900,9
1901,40
1902,3600
1903,1.8
1904,3
1905,72
1906,420
1907,38
1908,162
1909,4.
1910,22.5
1911,1469
1912,12
1913,9
1914,0.148
1915,1.08
1916,12
1917,11
1918,9
1919,96
1920,60
1921,312
1922,11
1923,876
1924,13
1925,15
1926,400
1927,72
1928,2.25
1929,78.5
1930,40
1931,2
1932,160
1933,7.5
1934,311550
1935,3
1936,720
1937,347.12
1938,1.7
1939,40
1940,9.14
1941,2.5
1942,20
1943,2000
1944,48.3
1945,20
1946,5365
1947,350
1948,16
1949,38
1950,20
1951,7
1952,6
1953,5.
1954,2
1955,5.
1956,1.6
1957,245
1958,10
1959,92
1960,12
1961,5
1962,3740
1963,25
1964,8.90
1965,90600
1966,19
1967,160
1968,280.975
1969,30
1970,1
1971,4.1
1972,1
1973,10
1974,6
1975,1
1976,96.8
1977,7
1978,90
1979,7
1980,2000
1981,3
1982,30
1983,25
1984,
1985,186
1986,300
1987,7
1988,120
1989,60
1990,201
1991,13
1992,973
1993,920.75
1994,22
1995,46.05
1996,1
1997,3
1998,1
1999,39
2000,02
2001,168
2002,10
2003,144
2004,80
2005,45
2006,260
2007,875
2008,896
2009,621
2010,0.5
2011,30
2012,1500
2013,0.05
2014,9.2
2015,243
2016,14
2017,3.4
2018,3.125
2019,0
2020,70
2021,14.4
2022,133.33
2023,000
2024,1
2025,49.6
2026,300
2027,900
2028,240
2029,15
2030,2
2031,4
2032,1
2033,56
2034,8200
2035,5
2036,648
2037,720
2038,384
2039,1
2040,4
2041,37.68
2042,60
2043,6
2044,0.4689
2045,5
2046,240
2047,2.5
2048,7
2049,20
2050,300
2051,102
2052,216
2053,2
2054,80
2055,150.79
2056,180
2057,30
2058,9
2059,38000000
2060,50
2061,369
2062,0.04179
2063,30.2
2064,0
2065,790
2066,15000
2067,640
2068,1.47
2069,315
2070,36
2071,270
2072,3
2073,96
2074,-1808
2075,123
2076,2
2077,4
2078,240
2079,2000
2080,2.97
2081,23
2082,35
2083,10
2084,3.098
2085,80
2086,2829.12
2087,54
2088,100
2089,1740
2090,2.36
2091,12
2092,70.56
2093,4500
2094,96
2095,5.142
2096,0.628
2097,216
2098,2.33
2099,119.25
2100,60
2101,5150
2102,63
2103,7
2104,48
2105,43
2106,1
2107,3.
2108,1560
2109,064
2110,800
2111,75
2112,48
2113,20.968
2114,4
2115,622
2116,10.
2117,200
2118,78.5
2119,84
2120,225
2121,1044
2122,804.496
2123,70.58
2124,0.43
2125,1
2126,830
2127,99
2128,268
2129,162
2130,5
2131,75
2132,16
2133,3720
2134,3
2135,21.98
2136,61
2137,8
2138,58
2139,12
2140,3.4
2141,2
2142,41
2143,50
2144,9.
2145,9
2146,296
2147,333333
2148,1
2149,80
2150,1.08
2151,27.97
2152,46.75
2153,10
2154,709
2155,00
2156,00
2157,120
2158,15
2159,2.827
2160,567.5
2161,30
2162,732
2163,48
2164,22
2165,551
2166,124
2167,3130
2168,110.6
2169,9000
2170,2.5
2171,126
2172,65
2173,8794
2174,6
2175,12
2176,65
2177,0
2178,-84
2179,36
2180,7.
2181,120
2182,28.6
2183,4
2184,1710
2185,100
2186,80
2187,441
2188,7.
2189,0.12
2190,270
2191,2
2192,30
2193,56
2194,-48
2195,3400
2196,24
2197,12.71
2198,
2199,7
2200,120
2201,1
2202,2520
2203,380
2204,2
2205,280
2206,18
2207,31.2
2208,16
2209,70
2210,496
2211,1
2212,165
2213,20
2214,1.30
2215,2
2216,9
2217,560
2218,282
2219,19
2220,10890
2221,3750
2222,495
2223,15
2224,14.50
2225,62.5
2226,9600
2227,80
2228,2.1
2229,2000
2230,3.14
2231,4
2232,10
2233,60
2234,0.0442
2235,2.12
2236,18
2237,18
2238,72
2239,5.
2240,1500
2241,1558.40
2242,87.5
2243,3602
2244,45
2245,0
2246,5
2247,34
2248,4.5
2249,875
2250,188.495
2251,12
2252,114
2253,48
2254,1440
2255,9
2256,60
2257,125
2258,32
2259,8
2260,504
2261,16
2262,28
2263,4.2
2264,3
2265,6.
2266,232
2267,22.5
2268,13
2269,8
2270,19.09
2271,220
2272,99.6
2273,10
2274,100
2275,9
2276,1053
2277,320
2278,5
2279,1.82
2280,45
2281,4100
2282,3000
2283,1190
2284,20.25
2285,66
2286,6
2287,00
2288,12
2289,297.41
2290,4
2291,92
2292,15
2293,1
2294,48
2295,452.16
2296,18
2297,6
2298,9.
2299,40
2300,24
2301,0.5
2302,90
2303,1
2304,254.34
2305,-3
2306,4
2307,20
2308,14
2309,50
2310,2
2311,5
2312,100
2313,10
2314,5250
2315,6.67
2316,12
2317,13440
2318,1
2319,16
2320,80
2321,200
2322,593
2323,756
2324,75
2325,900
2326,1537
2327,18
2328,18
2329,13
2330,20
2331,89
2332,41.7
2333,4200
2334,0.624
2335,72
2336,1.2
2337,5
2338,843
2339,2
2340,17
2341,1520
2342,4.8
2343,53
2344,2
2345,4
2346,156
2347,864
2348,48
2349,72
2350,1080
2351,50
2352,8
2353,3
2354,240
2355,1200
2356,1929
2357,2
2358,62.5
2359,1243
2360,8
2361,13
2362,112
2363,8.8
2364,0.1092
2365,330
2366,26.67
2367,100.49
2368,2.25
2369,3
2370,32.5
2371,7
2372,1.1304
2373,135
2374,48
2375,40
2376,14
2377,43
2378,0.12
2379,4.9
2380,90
2381,24
2382,2.915
2383,23240
2384,3
2385,5
2386,55
2387,1759
2388,15
2389,0.0375
2390,34
2391,200
2392,0.06
2393,900
2394,2.2
2395,5
2396,83
2397,2
2398,1286
2399,20
2400,29.0
2401,16
2402,0.002
2403,1
2404,70
2405,144
2406,72
2407,63.8
2408,11
2409,18.25
2410,4
2411,18
2412,5
2413,4
2414,13.33
2415,120
2416,78.5
2417,96
2418,-116
2419,25
2420,5.03
2421,400
2422,4
2423,4
2424,3.2727
2425,
2426,96
2427,4
2428,36
2429,3.6
2430,10
2431,60
2432,8
2433,27
2434,120
2435,7
2436,2
2437,179.2
2438,19
2439,10
2440,85
2441,10
2442,80.48
2443,26
2444,22.2
2445,4
2446,50
2447,4370
2448,14
2449,163.5
2450,1650
2451,30
2452,20
2453,5657
2454,100
2455,235
2456,-20
2457,176
2458,6
2459,2659
2460,60
2461,44
2462,5
2463,19.53125
2464,72000
2465,360
2466,3.14
2467,60
2468,28
2469,0.32
2470,16
2471,26
2472,19
2473,120
2474,30000
2475,8
2476,25
2477,80
2478,8.
2479,20
2480,-19.67
2481,8.92
2482,19
2483,7
2484,3.14
2485,1200
2486,5.64
2487,174
2488,-4
2489,8
2490,3
2491,7
2492,12
2493,2
2494,81
2495,98
2496,10
2497,5400
2498,4
2499,45
2500,114
2501,167
2502,1300
2503,21.98
2504,8.1
2505,7
2506,5.71
2507,14
2508,1000
2509,40
2510,300
2511,16
2512,7630
2513,0.0628
2514,3.46
2515,80
2516,0.3333
2517,22.672
2518,121.86
2519,5
2520,195.5
2521,5840
2522,154.52
2523,4
2524,12
2525,400
2526,14
2527,408
2528,1.13
2529,12
2530,12
2531,1
2532,7.
2533,200
2534,20
2535,6.0225
2536,5
2537,180
2538,0.4
2539,90
2540,7.5
2541,9
2542,10
2543,2
2544,300
2545,12
2546,4.
2547,200
2548,1163
2549,27
2550,1
2551,5
2552,10
2553,10
2554,30
2555,4
2556,392
2557,3
2558,7
2559,800
2560,36
2561,2.236
2562,5.4
2563,6
2564,800
2565,42
2566,288
2567,5.98
2568,2
2569,9
2570,9
2571,2842
2572,8
2573,3
2574,15
2575,11
2576,4
2577,127.5
2578,15.7
2579,1000
2580,330
2581,12
2582,13
2583,34
2584,125
2585,1.6
2586,48
2587,16
2588,21
2589,4
2590,1.5
2591,12
2592,2955
2593,1
2594,8
2595,400
2596,72
2597,9.45
2598,43.2
2599,128
2600,15625
2601,33.60
2602,-2700
2603,14.4
2604,16
2605,1
2606,64
2607,8000000000000
2608,0.16
2609,20
2610,23.68
2611,4.
2612,1736
2613,5625
2614,20
2615,289
2616,12.2
2617,1800
2618,72
2619,4
2620,96
2621,25
2622,11
2623,16
2624,3
2625,98.72
2626,2520
2627,22
2628,91.3
2629,152
2630,3.86
2631,480
2632,4000
2633,126.5
2634,0.159
2635,48
2636,6
2637,682.5
2638,20
2639,6
2640,3
2641,29
2642,12
2643,1
2644,2
2645,128
2646,52
2647,34
2648,50
2649,4000
2650,2
2651,20
2652,4
2653,000
2654,133.33
2655,2.4
2656,1125
2657,0.29
2658,8.
2659,1.37
2660,37.68
2661,20
2662,0
2663,63
2664,24
2665,1680
2666,3
2667,98.97
2668,409.8
2669,
2670,0
2671,0
2672,350000
2673,
2674,2
2675,35
2676,0
2677,2
2678,784
2679,69.57
2680,4
2681,10
2682,-2400
2683,1296000000000000
2684,6400
2685,2800
2686,20
2687,000
2688,76.5
2689,14
2690,248
2691,5440
2692,37.5
2693,0
2694,5.1
2695,10
2696,87.95
2697,530
2698,3
2699,24.03
2700,11
2701,14
2702,400
2703,100
2704,84
2705,280
2706,5
2707,24
2708,6
2709,4.8
2710,8.4
2711,6
2712,37.2
2713,3
2714,2
2715,370
2716,3.47
2717,0
2718,12
2719,20
2720,500
2721,1
2722,19200
2723,179
2724,20400
2725,3
2726,15
2727,56
2728,560
2729,10
2730,1
2731,210
2732,0.75
2733,400
2734,1
2735,300
2736,3
2737,1
2738,33.7
2739,22
2740,3
2741,10
2742,3
2743,59
2744,32
2745,45
2746,54
2747,700
2748,300
2749,0.00256
2750,4
2751,17
2752,1000
2753,1
2754,2
2755,50
2756,6.3
2757,200
2758,36.48
2759,140
2760,2
2761,504
2762,1620
2763,432
2764,116
2765,20.8
2766,7
2767,1.2
2768,419
2769,1.25
2770,10
2771,0.06
2772,6
2773,74
2774,24.67
2775,24
2776,5
2777,175
2778,150
2779,250
2780,11.67
2781,18
2782,101
2783,5
2784,400
2785,1
2786,1460
2787,24
2788,6
2789,13
2790,50
2791,11
2792,36
2793,16
2794,50
2795,25
2796,65.7
2797,2
2798,1300
2799,1
2800,17
2801,80
2802,52
2803,10
2804,3097
2805,246
2806,360
2807,15
2808,45
2809,5
2810,48
2811,1344
2812,792
2813,3
2814,225.28
2815,3.14
2816,9
2817,9
2818,0.49
2819,120
2820,3.14
2821,130
2822,240
2823,6
2824,8.
2825,70
2826,16
2827,158
2828,250
2829,32
2830,5
2831,17
2832,318
2833,120
2834,588
2835,2.
2836,19
2837,920
2838,733.33
2839,40
2840,80
2841,4.608
2842,1
2843,36
2844,65
2845,360
2846,60
2847,24
2848,22.26
2849,282
2850,54
2851,9.
2852,0.00036
2853,50
2854,18
2855,10
2856,4
2857,28
2858,3
2859,2
2860,5500
2861,300
2862,10
2863,12.6
2864,14
2865,24
2866,9
2867,40
2868,1
2869,2
2870,70
2871,6000
2872,1188
2873,14
2874,16
2875,13
2876,5
2877,7.14
2878,130
2879,32
2880,13
2881,7200
2882,100
2883,6
2884,30
2885,6
2886,20
2887,5
2888,900
2889,1
2890,57.36
2891,135
2892,0.99
2893,7
2894,320
2895,102
2896,16
2897,183
2898,2370
2899,1375
2900,9.42
2901,527
2902,156
2903,9
2904,45
2905,133
2906,140.2
2907,1200
2908,50.24
2909,292
2910,16
2911,10
2912,505
2913,66
2914,4
2915,80
2916,23
2917,36
2918,55
2919,379
2920,112.5
2921,24
2922,27
2923,6600
2924,1.25
2925,20000
2926,995
2927,2
2928,90
2929,8
2930,68.25
2931,2
2932,1082
2933,20
2934,5.
2935,125.6
2936,20
2937,39.27
2938,11
2939,539.4
2940,929
2941,326
2942,125600
2943,96
2944,27
2945,188.475
2946,87
2947,-580.6
2948,1
2949,421
2950,30
2951,29.7
2952,98
2953,100
2954,750
2955,168.75
2956,16
2957,14
2958,1.2
2959,45
2960,6
2961,3600
2962,40
2963,2.73
2964,16
2965,21
2966,4
2967,202.5
2968,
2969,45
2970,2
2971,42.857
2972,130
2973,12
2974,1.2
2975,12
2976,11.
2977,80
2978,180
2979,100
2980,99
2981,94.6
2982,4
2983,19000
2984,3400
2985,175
2986,1.68
2987,9
2988,5
2989,736.5
2990,5.83
2991,10
2992,78.5
2993,944
2994,1400
2995,11
2996,400
2997,126
2998,18
2999,10
3000,20
3001,75
3002,1478
3003,12.56
3004,1.2
3005,2
3006,27
3007,19
3008,126
3009,135.728
3010,82.8
3011,1.98
3012,288
3013,1215
3014,1.89
3015,5000
3016,62
3017,600
3018,24
3019,45
3020,25
3021,100
3022,1000
3023,198.8
3024,15
3025,1
3026,5.5
3027,12065
3028,174.58
3029,17280
3030,6000000
3031,5194
3032,38.25
3033,
3034,8
3035,200
3036,23.33
3037,
3038,15
3039,6.28
3040,1256.0
3041,5
3042,4
3043,4.8
3044,0
3045,21
3046,46
3047,1680
3048,8
3049,720.016
3050,4.2
3051,1
3052,12
3053,146
3054,7
3055,225
3056,800
3057,18
3058,375
3059,542.4
3060,4500
3061,248
3062,20
3063,50.24
3064,19
3065,65
3066,48000
3067,615
3068,140
3069,400
3070,8
3071,400
3072,50
3073,14
3074,4.3
3075,47996
3076,40
3077,100
3078,25
3079,37
3080,57
3081,72
3082,3140
3083,0.785
3084,45
3085,18
3086,000
3087,20
3088,2
3089,12879
3090,2
3091,3.
3092,18
3093,45
3094,127.4
3095,141.04
3096,6.5
3097,2000000
3098,2
3099,3
3100,2.38
3101,4
3102,98
3103,14
3104,648
3105,15
3106,30
3107,450
3108,10
3109,6
3110,251.24
3111,360
3112,192
3113,160
3114,94
3115,1.7
3116,300
3117,240
3118,14
3119,45
3120,113.097
3121,318.34
3122,2970
3123,20
3124,6
3125,160
3126,1300
3127,48
3128,50
3129,7600
3130,3250
3131,11
3132,4.47
3133,9.2
3134,400
3135,10
3136,5.
3137,75
3138,640
3139,4
3140,2.5
3141,12000
3142,0
3143,6
3144,4
3145,0
3146,5
3147,0.0025
3148,1.18
3149,2400
3150,10
3151,1.75
3152,30
3153,20
3154,5.58
3155,2.25
3156,21.6
3157,1.8
3158,80
3159,8
3160,480
3161,55
3162,0
3163,25
3164,1.44
3165,96
3166,7.5
3167,39
3168,107
3169,6
3170,8
3171,640
3172,32
3173,105
3174,0.25
3175,140
3176,1791
3177,41
3178,48
3179,50
3180,2700
3181,36.3
3182,2.7
3183,0.7
3184,720
3185,5
3186,5.5
3187,121
3188,807
3189,3
3190,72
3191,86.55
3192,322
3193,60
3194,720
3195,30
3196,52
3197,6400
3198,1800
3199,705
3200,70
3201,96
3202,900
3203,0.0064
3204,165
3205,4
3206,315
3207,94
3208,93
3209,85
3210,120
3211,80916.65
3212,72
3213,8
3214,9
3215,75
3216,8
3217,400
3218,24
3219,130
3220,11
3221,4
3222,9
3223,210
3224,360
3225,175
3226,53.33
3227,3
3228,30
3229,8
3230,2520
3231,384
3232,360
3233,738
3234,55
3235,2880
3236,936
3237,3.25
3238,000
3239,85
3240,63
3241,9900
3242,129
3243,72
3244,1600
3245,50
3246,1820
3247,96
3248,1880
3249,3600
3250,280
3251,8.7
3252,300
3253,1200
3254,15
3255,39.9995
3256,432
3257,4
3258,8
3259,4
3260,1692
3261,480
3262,2
3263,24
3264,3
3265,9
3266,8
3267,480
3268,35
3269,186
3270,225
3271,1.5
3272,27
3273,7
3274,135
3275,252
3276,0.00579
3277,35
3278,305
3279,625
3280,784
3281,7
3282,8
3283,131
3284,2416
3285,5
3286,7856
3287,9
3288,396
3289,5400
3290,10
3291,218
3292,120
3293,7
3294,44
3295,29
3296,86
3297,200
3298,850
3299,105
3300,9.
3301,450
3302,238
3303,109
3304,801
3305,11
3306,447
3307,467
3308,103
3309,189.5
3310,112
3311,330
3312,84
3313,9
3314,7
3315,7
3316,1.29
3317,315
3318,56
3319,8
3320,220
3321,54
3322,6
3323,21
3324,5760
3325,15
3326,200
3327,740
3328,1875
3329,32
3330,20
3331,15
3332,680
3333,2160
3334,105
3335,2
3336,9
3337,3
3338,8208
3339,576
3340,100
3341,720
3342,1140
3343,3.33
3344,18.5
3345,1
3346,100
3347,15
3348,4800
3349,36
3350,32
3351,13
3352,13
3353,48
3354,39
3355,2600
3356,784
3357,130
3358,60
3359,94
3360,660
3361,520
3362,51
3363,126
3364,10
3365,236
3366,21630
3367,300
3368,113
3369,10
3370,500
3371,13110
3372,5148
3373,3960
3374,94
3375,0
3376,12
3377,82
3378,19
3379,256
3380,27
3381,1043
3382,54
3383,117
3384,1122
3385,2
3386,25
3387,15
3388,48
3389,71.43
3390,98
3391,432
3392,240
3393,60
3394,40
3395,130
3396,24
3397,25
3398,-60
3399,160
3400,1745
3401,90
3402,5
3403,52
3404,30
3405,46
3406,214
3407,600
3408,24
3409,16
3410,2.5
3411,5
3412,54
3413,-418.5
3414,361
3415,27
3416,275
3417,150
3418,16
3419,2790
3420,52
3421,26
3422,69
3423,6.4
3424,1764
3425,70
3426,840
3427,432
3428,2
3429,25
3430,30
3431,49
3432,2471
3433,7
3434,131
3435,1.3448
3436,18
3437,9
3438,95
3439,87
3440,0.72
3441,480
3442,-80
3443,00
3444,1950
3445,1983
3446,1510
3447,2
3448,45
3449,96
3450,350
3451,172
3452,5200
3453,13
3454,18
3455,83
3456,1
3457,38
3458,66
3459,1
3460,132
3461,0.75
3462,15
3463,336
3464,3
3465,1
3466,180
3467,180
3468,57.9
3469,3.14
3470,10.8
3471,15
3472,13.35
3473,1000
3474,12
3475,1
3476,23
3477,441
3478,8
3479,1.04
3480,775
3481,1
3482,33.33
3483,63
3484,800
3485,64
3486,6
3487,72
3488,288
3489,150
3490,20
3491,6
3492,4
3493,8.82
3494,10
3495,15
3496,3
3497,45
3498,1.6
3499,5
3500,12
3501,16
3502,162
3503,100
3504,4
3505,3120
3506,16
3507,65
3508,275
3509,64
3510,300
3511,420
3512,12
3513,62.5
3514,78.25
3515,240
3516,352
3517,8.
3518,6
3519,3500
3520,8
3521,8
3522,24
3523,6
3524,11
3525,531.25
3526,0
3527,6
3528,1
3529,58
3530,0
3531,0.357
3532,2.53
3533,0
3534,1
3535,0.2
3536,39
3537,6
3538,7
3539,276
3540,50
3541,2400
3542,180
3543,2500
3544,151
3545,4
3546,30
3547,494
3548,588
3549,2500
3550,3
3551,75
3552,6
3553,2875
3554,205
3555,720
3556,-316
3557,11
3558,000
3559,719
3560,272
3561,1720
3562,60
3563,8
3564,3800
3565,175
3566,32
3567,2247
3568,1488
3569,2
3570,12
3571,6
3572,20
3573,35
3574,42
3575,8800
3576,30
3577,24
3578,48
3579,26
3580,3960
3581,80
3582,43
3583,9.
3584,5
3585,40
3586,8
3587,174
3588,2160
3589,5
3590,4500
3591,22
3592,36
3593,15
3594,11
3595,16000
3596,175
3597,2
3598,23
3599,5.33
3600,128
3601,100
3602,74
3603,450
3604,1500
3605,640
3606,40
3607,30
3608,21
3609,10
3610,2.73
3611,25
3612,7
3613,82
3614,21
3615,8
3616,624
3617,113
3618,80
3619,160
3620,516
3621,5
3622,450
3623,221
3624,1
3625,8
3626,102
3627,10.
3628,90
3629,
3630,166.67
3631,920
3632,660
3633,000
3634,3575
3635,25
3636,35
3637,519
3638,15
3639,140
3640,960156
3641,7
3642,108
3643,3330
3644,21.95
3645,23
3646,36
3647,98
3648,3
3649,720
3650,32
3651,480
3652,8
3653,4.
3654,168
3655,1.2
3656,63
3657,0.345
3658,70
3659,982
3660,24
3661,4650
3662,16
3663,6
3664,13
3665,283
3666,98
3667,235
3668,70
3669,36
3670,46
3671,1440
3672,14
3673,80
3674,10.8
3675,1280
3676,10665
3677,0.11
3678,9.
3679,5960
3680,0.168
3681,-880
3682,488
3683,6
3684,6.0
3685,45
3686,1536
3687,400
3688,1000
3689,384
3690,93.75
3691,2
3692,8
3693,38
3694,1098
3695,504
3696,37
3697,2.5
3698,1.175
3699,80
3700,000
3701,390
3702,880
3703,8
3704,1350
3705,1
3706,4500
3707,168
3708,11
3709,34
3710,60
3711,104
3712,0.447
3713,42
3714,163.64
3715,570
3716,4000
3717,494
3718,3
3719,8768
3720,7.69
3721,318
3722,655
3723,72
3724,37875
3725,7
3726,8
3727,15
3728,12
3729,100
3730,53650
3731,84
3732,2
3733,952
3734,534
3735,380
3736,61.14
3737,3800
3738,640
3739,14
3740,375
3741,600
3742,728
3743,7680
3744,238.5
3745,450
3746,212
3747,43
3748,360
3749,250
3750,2668
3751,120
3752,4.
3753,288
3754,1176
3755,720
3756,671
3757,52
3758,3360
3759,5000
3760,252
3761,96
3762,70
3763,4.5
3764,420
3765,12
3766,5
3767,2210
3768,300
3769,38
3770,1
3771,90
3772,11
3773,7
3774,600
3775,230
3776,000
3777,8.
3778,110
3779,3
3780,552
3781,14
3782,11
3783,175
3784,120
3785,0.05
3786,2300
3787,68
3788,276
3789,87
3790,65
3791,3730
3792,44
3793,65
3794,190
3795,93.6
3796,24
3797,18
3798,102
3799,1
3800,1100
3801,52
3802,12820
3803,3
3804,12
3805,84
3806,1679
3807,4400
3808,54
3809,25
3810,90
3811,144
3812,60
3813,50
3814,12
3815,24
3816,59
3817,180
3818,45
3819,36
3820,000
3821,50
3822,36
3823,20
3824,30
3825,3100
3826,27
3827,36
3828,1080
3829,1770
3830,0.98
3831,25.872
3832,22400
3833,14
3834,38
3835,1825
3836,21
3837,2
3838,45
3839,2970
3840,8100
3841,1232
3842,192
3843,8911
3844,0
3845,6
3846,1
3847,576
3848,0
3849,5850
3850,90
3851,256
3852,0.8
3853,54
3854,2520
3855,350
3856,48
3857,216
3858,455
3859,75
3860,960
3861,4
3862,140
3863,1440
3864,468
3865,225
3866,1680
3867,375
3868,368
3869,5
3870,1
3871,40
3872,2
3873,33600
3874,12
3875,4
3876,54
3877,17
3878,186
3879,258
3880,10.24
3881,22
3882,24
3883,2
3884,8
3885,2000
3886,21.6
3887,60.4
3888,8
3889,1200
3890,144
3891,6
3892,1.86
3893,108
3894,10
3895,26.832
3896,270
3897,810
3898,6
3899,9.
3900,85
3901,2
3902,40
3903,112
3904,2
3905,5
3906,144
3907,168
3908,14.1
3909,0.36
3910,410
3911,6
3912,91
3913,840
3914,884
3915,1669
3916,60
3917,20
3918,3360
3919,312
3920,25
3921,610
3922,2100
3923,0
3924,6000
3925,7.69
3926,3
3927,180
3928,59
3929,225
3930,196
3931,4.08
3932,360
3933,8130
3934,95
3935,10
3936,1680
3937,120
3938,561
3939,9720
3940,396
3941,1247
3942,0.005279
3943,84
3944,11.5
3945,12
3946,234
3947,38
3948,240
3949,12.09
3950,15
3951,420
3952,10
3953,162
3954,462
3955,64
3956,682
3957,1
3958,24
3959,24
3960,17.5
3961,81
3962,144
3963,0.0667
3964,437
3965,9.
3966,12
3967,3
3968,147.06
3969,7
3970,1
3971,35
3972,45
3973,8
3974,640
3975,60
3976,5
3977,-61
3978,63.5
3979,15
3980,8
3981,10.4167
3982,6
3983,180
3984,11
3985,2500
3986,51
3987,5.5
3988,48
3989,20
3990,2100
3991,9
3992,36000
3993,110
3994,240
3995,4.
3996,8
3997,7
3998,667
3999,1
4000,54
4001,15
4002,1365
4003,1744
4004,2402
4005,100
4006,45.6
4007,17
4008,312
4009,10
4010,100
4011,0.5
4012,52
4013,9.375
4014,135
4015,5.5
4016,5
4017,136
4018,18.4
4019,18.4
4020,3
4021,3
4022,8
4023,230
4024,18.43
4025,600
4026,3086
4027,0.33
4028,50
4029,2.0
4030,16
4031,2.25
4032,0.5
4033,750
4034,48
4035,145
4036,33
4037,418.5
4038,1840
4039,336
4040,25.9
4041,166
4042,50
4043,390
4044,12
4045,160
4046,2400
4047,1024
4048,33.33
4049,288
4050,16
4051,1
4052,300
4053,7
4054,0.06
4055,2
4056,12
4057,250
4058,234
4059,63
4060,240
4061,1498
4062,2880
4063,745
4064,28
4065,395
4066,152
4067,11080
4068,6
4069,1008
4070,19.86
4071,6000
4072,11
4073,110
4074,350
4075,182
4076,30
4077,2
4078,19.3125
4079,1
4080,1
4081,176
4082,965
4083,1712
4084,360
4085,620
4086,4
4087,206
4088,1200
4089,7
4090,48
4091,6
4092,115
4093,20
4094,14400
4095,3284
4096,4
4097,3
4098,463.36
4099,2040
4100,120
4101,55
4102,0.8
4103,150
4104,57
4105,600
4106,40
4107,576
4108,61
4109,3.3
4110,6
4111,5
4112,5
4113,37
4114,4
4115,90
4116,9
4117,24
4118,12
4119,690
4120,146
4121,10
4122,44
4123,9
4124,5
4125,40
4126,5000
4127,945
4128,98
4129,34.64
4130,3
4131,722
4132,1
4133,26.2
4134,236
4135,8.4
4136,38
4137,8
4138,-2
4139,1440000000
4140,12
4141,117
4142,192
4143,665
4144,5
4145,215
4146,2
4147,69
4148,12
4149,1163
4150,-10
4151,30
4152,1
4153,504
4154,508
4155,1
4156,17.65
4157,424
4158,3
4159,1000
4160,9
4161,80
4162,0.07065
4163,-1410
4164,1670
4165,64.8
4166,9
4167,1640
4168,15
4169,5.5
4170,12
4171,1.258
4172,881.6
4173,120
4174,512
4175,9.75
4176,28
4177,50.24
4178,379.46
4179,17.5
4180,80.16
4181,12
4182,2
4183,162
4184,48
4185,10.6
4186,40
4187,162
4188,6
4189,5.
4190,180
4191,3.14
4192,400
4193,5
4194,400
4195,3.14
4196,100
4197,-4
4198,25.12
4199,27
4200,1440
4201,9
4202,130
4203,40
4204,12.56
4205,18750
4206,57
4207,610
4208,136
4209,780
4210,83
4211,9.6
4212,324
4213,0.375
4214,170
4215,0
4216,4
4217,6
4218,150
4219,1050
4220,2
4221,15
4222,168
4223,384
4224,3.6
4225,97.84
4226,40
4227,360
4228,4
4229,182.8
4230,3
4231,56
4232,2
4233,12.5
4234,12.56
4235,42
4236,29
4237,648
4238,14
4239,7.5
4240,60
4241,22.5
4242,116.4
4243,113
4244,62
4245,160
4246,700
4247,36
4248,1760
4249,0.2
4250,2
4251,18
4252,900
4253,6.45
4254,5
4255,11.5
4256,36.4
4257,0
4258,190
4259,0
4260,20
4261,548
4262,34
4263,19
4264,168
4265,2
4266,0.9
4267,27
4268,121
4269,15.7
4270,6.
4271,46
4272,24
4273,159
4274,0
4275,540
4276,50
4277,140
4278,30
4279,5552
4280,21
4281,433.5
4282,4
4283,50
4284,57
4285,225
4286,3
4287,2700
4288,90
4289,489160
4290,16
4291,4
4292,11
4293,4452
4294,1000
4295,144
4296,64
4297,458
4298,1
4299,54
4300,7
4301,0.5
4302,1440
4303,845
4304,280
4305,75
4306,59
4307,33
4308,10
4309,0.6
4310,
4311,133000
4312,30
4313,72
4314,20
4315,10
4316,2646
4317,120
4318,64
4319,28
4320,187
4321,4
4322,255
4323,8
4324,9
4325,170.26
4326,51.06
4327,2
4328,60
4329,77.12
4330,12.5
4331,2606
4332,15
4333,288
4334,342
4335,200
4336,9
4337,92
4338,32
4339,8
4340,8
4341,270
4342,4
4343,29.75
4344,88
4345,5.32
4346,40
4347,3.
4348,20
4349,5
4350,22.22
4351,480
4352,6
4353,16
4354,4.5
4355,360
4356,1193.33
4357,66
4358,1.56
4359,18
4360,2.5
4361,80
4362,
4363,40
4364,540
4365,989.89
4366,10
4367,280
4368,000
4369,60
4370,86.4
4371,0.000853
4372,12
4373,2
4374,9
4375,12
4376,6
4377,117
4378,15.76
4379,18
4380,30
4381,31
4382,12.
4383,45
4384,284
4385,5
4386,25
4387,5.45
4388,187.5
4389,5
4390,80
4391,1568
4392,3.5
4393,4.8
4394,16
4395,8000
4396,6400
4397,3000
4398,6.67
4399,1
4400,25
4401,1000
4402,16
4403,10
4404,181.71
4405,80
4406,17.2
4407,16.8
4408,12
4409,59
4410,110
4411,812
4412,3.2
4413,426
4414,108
4415,2.5
4416,7
4417,80
4418,1000
4419,270
4420,6.08
4421,75
4422,14
4423,50
4424,31
4425,1200
4426,600
4427,6.3
4428,30.9592
4429,1
4430,56.52
4431,20
4432,3
4433,35
4434,1
4435,4
4436,100
4437,0
4438,157.08
4439,0.79
4440,11
4441,2800
4442,1
4443,075
4444,1008
4445,30
4446,11
4447,100
4448,50.24
4449,314
4450,314.16
4451,5
4452,37.68
4453,8.33
4454,39.2
4455,48
4456,945
4457,1.69
4458,24
4459,21
4460,216
4461,-27
4462,120
4463,56.52
4464,125.6
4465,113.04
4466,7.065
4467,60
4468,18
4469,840
4470,60
4471,937.5
4472,18
4473,0.05
4474,470
4475,0.047125
4476,72
4477,17
4478,50.08
4479,20
4480,2
4481,27.5
4482,226.04
4483,3
4484,320
4485,150
4486,15
4487,3.87
4488,6.67
4489,50.27
4490,78.5
4491,4.5
4492,78.5
4493,27
4494,1050
4495,12
4496,2
4497,50
4498,2025
4499,-5
4500,300.55
4501,80
4502,-5
4503,540
4504,2.09
4505,50
4506,50.24
4507,12.56
4508,79.02
4509,3982
4510,25
4511,115
4512,17
4513,40000
4514,5
4515,24
4516,6.28
4517,254.44
4518,29
4519,34
4520,9
4521,0.3
4522,2400
4523,6.28
4524,1
4525,73.45538
4526,2355.872
4527,0.000203
4528,100
4529,1800
4530,7.
4531,8.
4532,3000
4533,866
4534,-100
4535,20.5
4536,15
4537,1392.89
4538,66.6
4539,109.9
4540,2300
4541,8
4542,251.2
4543,28.26
4544,0.1
4545,2
4546,480
4547,100
4548,52
4549,428
4550,56.54
4551,125
4552,1256.64
4553,96
4554,41.6
4555,-36
4556,160.89
4557,564.5
4558,74
4559,8.4375
4560,2
4561,28
4562,2.7
4563,25
4564,5000.1
4565,1600
4566,250
4567,62.8
4568,314
4569,96.8
4570,75.25
4571,4
4572,6.13
4573,5
4574,31.4159
4575,4
4576,4
4577,261892.5
4578,147.58
4579,8.
4580,240
4581,1.884
4582,240
4583,2.56
4584,9
4585,2512
4586,15.7
4587,25
4588,100
4589,1400
4590,60
4591,4
4592,70
4593,9424.77
4594,92.4
4595,12
4596,2
4597,480
4598,14
4599,577.56
4600,1000
4601,39.47
4602,60
4603,10
4604,4.19
4605,3.14
4606,2827
4607,693.99
4608,3
4609,1698
4610,75
4611,2
4612,20.94
4613,62.832
4614,39
4615,19.786
4616,2.25
4617,2
4618,80
4619,11
4620,12.56
4621,100
4622,2.5
4623,240
4624,9
4625,384
4626,14
4627,28.26
4628,90
4629,12.5
4630,27.60
4631,1.8
4632,73.44
4633,47.6
4634,84
4635,5
4636,9
4637,22
4638,27
4639,7
4640,80
4641,4
4642,24
4643,78.54
4644,-10
4645,41.8
4646,5
4647,64
4648,7
4649,10
4650,6.
4651,2.27
4652,2400
4653,16.
4654,1000
4655,0.3
4656,4090
4657,144
4658,20
4659,8.4
4660,153.86
4661,170
4662,0
4663,22.5
4664,1.33
4665,3.14
4666,12
4667,2.86
4668,27.5
4669,7850
4670,32
4671,4082.52
4672,18
4673,140
4674,228.3
4675,3
4676,246.49
4677,0.16
4678,22.15
4679,10.99
4680,34
4681,28
4682,33.33
4683,16
4684,706.85
4685,25.03
4686,3.75
4687,480
4688,10
4689,31.2
4690,2.4
4691,19.05
4692,76
4693,78.50
4694,19.625
4695,3.14
4696,45
4697,4.4625
4698,25.5
4699,392.5
4700,1334.5
4701,64.77
4702,5
4703,25
4704,7.5
4705,900
4706,6750
4707,8.
4708,140
4709,0
4710,40
4711,189.33
4712,41790
4713,112
4714,141.371
4715,13
4716,2
4717,281.24
4718,720
4719,18.35
4720,2
4721,562
4722,894
4723,2.1
4724,25.84
4725,3
4726,2
4727,14
4728,78.5
4729,63
4730,39.08
4731,13.33
4732,0.1875
4733,60
4734,11200
4735,254.34
4736,3.25
4737,16
4738,3000
4739,000
4740,12.56
4741,1.12
4742,1
4743,5
4744,587.5
4745,78.5
4746,64
4747,354
4748,130.72
4749,2
4750,288
4751,2
4752,157.
4753,360
4754,-6
4755,7116.8
4756,12.56
4757,0.58
4758,1000
4759,333
4760,16
4761,5
4762,3.8
4763,1250
4764,20.2
4765,94
4766,60
4767,0.025
4768,2
4769,200.96
4770,81.97
4771,12.56636
4772,12.897
4773,7800
4774,7
4775,5
4776,7.
4777,3.14
4778,12.5
4779,169.56
4780,6.71
4781,7.
4782,10
4783,9
4784,36
4785,19625
4786,600
4787,600
4788,13
4789,30.54
4790,30
4791,0.11
4792,768.8346
4793,5.
4794,72
4795,50.27
4796,368.75
4797,18
4798,1.5
4799,56.7
4800,15.7
4801,1257
4802,8.85
4803,3600
4804,35
4805,314
4806,3.099
4807,11.3
4808,748.28
4809,824
4810,113.04
4811,1884
4812,20
4813,18.05
4814,20
4815,15.625
4816,16.2
4817,40
4818,8
4819,17787.77
4820,41.8
4821,3.79
4822,3.847
4823,210
4824,1
4825,100
4826,6666.66
4827,0.2083
4828,42.44
4829,144
4830,360
4831,254.34
4832,132
4833,7
4834,153.86
4835,8.37
4836,48
4837,7.8
4838,43.09
4839,2
4840,5
4841,8
4842,216
4843,0.358
4844,1010
4845,2750
4846,4
4847,432
4848,704
4849,384
4850,0
4851,3
4852,7.89
4853,0.0714
4854,15
4855,20
4856,41.535
4857,500
4858,25.2
4859,1
4860,38
4861,157
4862,10
4863,29.3
4864,3
4865,6.2
4866,8.33
4867,96
4868,189
4869,85.71
4870,1.71
4871,10
4872,50
4873,3
4874,753.6
4875,3.14
4876,2
4877,80
4878,96
4879,1
4880,28.26
4881,11
4882,25
4883,3
4884,6
4885,158
4886,44
4887,1.5
4888,13
4889,0
4890,2.14
4891,150
4892,28
4893,600
4894,15
4895,6
4896,0.064
4897,35
4898,9
4899,5
4900,240
4901,26
4902,64
4903,1330
4904,50.24
4905,10.80
4906,6
4907,2
4908,10
4909,2300
4910,144
4911,36.24
4912,4
4913,3
4914,9
4915,20
4916,70.875
4917,48
4918,3
4919,4.5
4920,4
4921,5178
4922,11.6
4923,29
4924,5
4925,27
4926,800
4927,24
4928,80
4929,10
4930,1.2
4931,0.00018
4932,7.5
4933,3.2
4934,31.5
4935,5.6
4936,38
4937,5
4938,0.8235
4939,3
4940,84
4941,3
4942,11.5
4943,45
4944,67.5
4945,40
4946,-2
4947,8.9
4948,2.28
4949,222.6
4950,14
4951,75
4952,8
4953,7
4954,2
4955,20
4956,52
4957,13
4958,3
4959,8
4960,12
4961,60
4962,14
4963,6
4964,1.5
4965,1
4966,83
4967,260
4968,52
4969,62
4970,8
4971,45
4972,68
4973,43
4974,71
4975,63
4976,12
4977,18
4978,17
4979,7
4980,56
4981,9
4982,84
4983,56
4984,63
4985,18
4986,3
4987,24
4988,27
4989,18
4990,35
4991,18
4992,4
4993,5
4994,6
4995,7
4996,3
4997,9.
4998,94
4999,8
5000,36
5001,27
5002,16
5003,60
5004,9
5005,125
5006,38
5007,23
5008,8
5009,3
5010,61
5011,47
5012,8
5013,5
5014,7
5015,5.
5016,6
5017,6
5018,-38
5019,8
5020,8
5021,28
5022,47
5023,6
5024,9
5025,51
5026,98
5027,0
5028,28
5029,20
5030,20
5031,46
5032,44
5033,27
5034,20
5035,10
5036,2
5037,11
5038,38
5039,48
5040,2.25
5041,4
5042,25
5043,28
5044,44
5045,18
5046,6
5047,4
5048,9
5049,18
5050,13
5051,3
5052,11
5053,25
5054,17
5055,81
5056,35
5057,0
5058,56
5059,26
5060,81
5061,4
5062,55
5063,15
5064,6
5065,18
5066,30
5067,99
5068,36
5069,80
5070,3
5071,51
5072,88
5073,16
5074,24
5075,57
5076,26
5077,8
5078,42
5079,7
5080,117
5081,30
5082,35
5083,12
5084,0
5085,56
5086,8
5087,32
5088,2
5089,27
5090,40
5091,16
5092,24
5093,23
5094,8
5095,3
5096,2
5097,4
5098,15
5099,18
5100,11
5101,18
5102,3
5103,15
5104,-1
5105,18
5106,33
5107,7
5108,19
5109,20
5110,82
5111,21
5112,8
5113,27
5114,42
5115,221
5116,99
5117,1.875
5118,48.83
5119,8
5120,17
5121,8
5122,900
5123,6
5124,5906.67
5125,104
5126,24
5127,10
5128,35
5129,11.25
5130,11
5131,1875
5132,266
5133,36
5134,16.
5135,30
5136,9
5137,0
5138,3
5139,2
5140,2
5141,8.
5142,3.25
5143,1891
5144,6
5145,3.43
5146,56
5147,1666.67
5148,4.7144
5149,2
5150,1386
5151,41
5152,900
5153,0.5672
5154,14.58
5155,4860
5156,69.5
5157,0.75
5158,2.77
5159,720
5160,70
5161,255
5162,12
5163,0
5164,444.44
5165,4
5166,92
5167,576
5168,0
5169,3.14
5170,86
5171,31.09
5172,0.12
5173,2043.75
5174,25
5175,8.
5176,4096
5177,12
5178,502.4
5179,22.5
5180,2.8
5181,0.5
5182,4750
5183,60
5184,12.67
5185,2
5186,1450
5187,760
5188,140
5189,3.25
5190,7
5191,12
5192,38
5193,3
5194,1
5195,45
5196,93
5197,20
5198,11
5199,3.33
5200,2880
5201,0.048
5202,8.1
5203,14
5204,27
5205,36.3
5206,16
5207,400
5208,3
5209,1.49
5210,60
5211,48
5212,10.
5213,2
5214,5
5215,3.75
5216,6
5217,7.065
5218,17.625
5219,1000
5220,260
5221,4
5222,400
5223,16
5224,192
5225,180
5226,0.25
5227,39.2
5228,108
5229,1450
5230,1065.7
5231,12
5232,27.3
5233,4.2
5234,3360
5235,25200
5236,889.6
5237,1
5238,18
5239,12
5240,6.5
5241,2300
5242,2.
5243,5
5244,2400
5245,320
5246,45
5247,78
5248,127
5249,9
5250,7
5251,14
5252,160
5253,6.4
5254,15
5255,76
5256,5.3
5257,6
5258,0
5259,15
5260,33
5261,82.5
5262,476
5263,20
5264,0.10
5265,10
5266,6
5267,113.75
5268,3060
5269,9
5270,28
5271,43.33
5272,6
5273,1.5
5274,200
5275,16
5276,75
5277,110
5278,40
5279,4560
5280,4
5281,36.8
5282,72
5283,710
5284,25
5285,150.72
5286,16
5287,60
5288,13.5
5289,10
5290,86.4
5291,60
5292,-48814.75
5293,372
5294,0.127
5295,1920
5296,5.26
5297,12
5298,3
5299,9
5300,472
5301,3200
5302,2
5303,160
5304,16
5305,23.52
5306,0
5307,65
5308,190
5309,400
5310,262.65
5311,2
5312,1.5
5313,34
5314,3
5315,0.628
5316,209
5317,0
5318,800
5319,1600
5320,29
5321,0.64
5322,48
5323,8.425
5324,43.96
5325,60
5326,50
5327,36
5328,60
5329,20000
5330,750
5331,127.6
5332,1
5333,148
5334,36
5335,7200
5336,100
5337,37.35
5338,0
5339,50
5340,1192
5341,823.47
5342,45
5343,10.67
5344,0.0007536
5345,56.52
5346,10
5347,108
5348,14
5349,250
5350,1920
5351,10
5352,187.5
5353,2600
5354,22.71
5355,380
5356,4
5357,480
5358,56
5359,20
5360,0.0942
5361,1.25
5362,10
5363,1950
5364,7.
5365,10
5366,20000
5367,6
5368,2.01
5369,1.3896
5370,504
5371,6
5372,5000
5373,12.
5374,107
5375,25
5376,12.5
5377,100
5378,2565
5379,333.33
5380,6
5381,2
5382,8
5383,8640
5384,126
5385,6.67
5386,3.5
5387,648
5388,1
5389,32
5390,168
5391,163
5392,0.17428
5393,10
5394,96
5395,800
5396,250
5397,20000
5398,115
5399,25.56
5400,5
5401,750
5402,5
5403,200
5404,33
5405,0.624
5406,140
5407,240
5408,21
5409,224.25
5410,30
5411,91
5412,39.2
5413,89
5414,3.14
5415,30.77
5416,28
5417,766.43
5418,480
5419,14130
5420,1440
5421,50
5422,10
5423,90
5424,
5425,93.75
5426,10
5427,666.67
5428,5
5429,180
5430,48
5431,8
5432,15
5433,2225000
5434,40
5435,170
5436,216
5437,36
5438,120
5439,6
5440,384
5441,18
5442,18
5443,6
5444,1.48
5445,0.04
5446,38
5447,5
5448,13.33
5449,20.04
5450,10.24
5451,64
5452,88.7
5453,995
5454,288
5455,24
5456,9.
5457,4100
5458,78.5
5459,250
5460,2
5461,4
5462,6.7
5463,92
5464,4.2
5465,32.5
5466,6
5467,2
5468,1.875
5469,11.05
5470,28.96
5471,857.14
5472,112500000000
5473,3
5474,214.1
5475,39
5476,15
5477,24
5478,3500
5479,000
5480,2400
5481,14
5482,0.9
5483,2.83
5484,3586.09
5485,7.5
5486,6000000000
5487,89
5488,121
5489,80
5490,59
5491,1
5492,44
5493,37
5494,200
5495,0
5496,1620
5497,14
5498,43
5499,37.5
5500,10
5501,92
5502,9
5503,1260
5504,1
5505,58.33
5506,-3
5507,450
5508,305
5509,62.5
5510,21
5511,572
5512,32
5513,6
5514,190
5515,1
5516,2100
5517,200
5518,79
5519,769.5
5520,32
5521,10.28
5522,3
5523,2080
5524,45
5525,310
5526,34
5527,110
5528,26.8
5529,1000
5530,52
5531,837
5532,5090
5533,8
5534,1
5535,9.54
5536,8437.5
5537,360
5538,1.3
5539,40
5540,33
5541,10
5542,648
5543,428
5544,8
5545,24
5546,0
5547,8
5548,20
5549,300
5550,900
5551,4.697
5552,70
5553,15
5554,8
5555,390
5556,96
5557,85
5558,2
5559,40
5560,0.0308
5561,300
5562,19400
5563,324
5564,20
5565,29
5566,4.5
5567,45
5568,80
5569,60
5570,2060
5571,490.15
5572,221
5573,7595
5574,160
5575,4
5576,50
5577,10.
5578,45.84
5579,140
5580,0.0408
5581,32
5582,34.4
5583,110
5584,254
5585,1
5586,97.5
5587,3.5
5588,360
5589,5
5590,3
5591,2700
5592,195
5593,1.08
5594,0.4
5595,30
5596,496.5
5597,86
5598,2
5599,7200
5600,480
5601,2
5602,1080
5603,
5604,800
5605,92.5
5606,12100
5607,2
5608,120
5609,500
5610,21
5611,3.28
5612,-6
5613,245
5614,26
5615,94.2
5616,1
5617,6720
5618,408
5619,45
5620,180
5621,12560
5622,60.875
5623,2
5624,54
5625,40
5626,19
5627,280
5628,4500
5629,32
5630,250
5631,14
5632,44.09
5633,2700
5634,23.07
5635,785.4
5636,480
5637,5655
5638,30
5639,0.02
5640,2
5641,509.2
5642,1170
5643,30
5644,5.28
5645,144
5646,7
5647,9.42
5648,18.75
5649,120
5650,45
5651,28.26
5652,2010
5653,240
5654,4
5655,105
5656,5
5657,3
5658,34466
5659,5
5660,80
5661,8
5662,45
5663,7.
5664,2.4
5665,89
5666,15
5667,287.2
5668,30
5669,4
5670,720
5671,2
5672,67.5
5673,60
5674,600
5675,628
5676,5290
5677,17
5678,42
5679,1562.5
5680,500
5681,27.9
5682,7.
5683,9.
5684,6000
5685,216
5686,35
5687,696
5688,942.49
5689,225
5690,25
5691,149
5692,32
5693,8
5694,6
5695,600
5696,1575
5697,100
5698,11
5699,432
5700,12.56
5701,27
5702,-60
5703,5
5704,90
5705,40
5706,49.5
5707,1200
5708,2.0
5709,10000
5710,18.45
5711,30
5712,423.26
5713,100
5714,1.1
5715,2160
5716,113
5717,20
5718,192
5719,2
5720,945
5721,11.3
5722,30
5723,10
5724,297
5725,105
5726,8.1
5727,300
5728,24
5729,2
5730,4
5731,1120
5732,992
5733,116
5734,5738
5735,7.2
5736,2234.02
5737,275
5738,3430
5739,45
5740,8
5741,6.4
5742,10
5743,17.4
5744,596.04
5745,5
5746,2
5747,15
5748,2000
5749,4
5750,702
5751,1436
5752,300
5753,285
5754,653
5755,74
5756,9
5757,27
5758,80
5759,14.4
5760,12
5761,375
5762,300
5763,17.8
5764,2
5765,5.
5766,1680
5767,28.8
5768,1920
5769,59
5770,75
5771,160
5772,21.76
5773,720
5774,24
5775,200
5776,0.875
5777,1200
5778,24
5779,10
5780,88
5781,10
5782,192
5783,6
5784,20
5785,750
5786,290
5787,44
5788,104250
5789,200
5790,10
5791,35
5792,1200
5793,9117.74
5794,215
5795,243
5796,525
5797,6
5798,4.
5799,3.24
5800,2.
5801,0.13
5802,250
5803,492.6
5804,2
5805,4.8
5806,40
5807,23
5808,60
5809,89.8
5810,108
5811,0.68
5812,6
5813,9875
5814,289.68
5815,20
5816,45
5817,1
5818,2
5819,4650
5820,9.0
5821,18
5822,0
5823,3
5824,28
5825,15
5826,2000000
5827,153
5828,-110.7296
5829,5.
5830,2.55
5831,80
5832,7250
5833,4
5834,38
5835,570
5836,6283.19
5837,2.4
5838,52.9875
5839,72.67
5840,36
5841,2.83
5842,9
5843,130
5844,183
5845,62.67
5846,38.8
5847,600
5848,200
5849,146
5850,10
5851,62.4
5852,24
5853,8640
5854,4.
5855,000
5856,9000
5857,4000
5858,2940
5859,24
5860,7
5861,0.8
5862,126.7
5863,10.86
5864,1025
5865,4.58
5866,17.5
5867,49.2
5868,2.22
5869,22.9
5870,15
5871,12
5872,7560
5873,3.07
5874,200
5875,629
5876,32
5877,72
5878,0
5879,450
5880,4
5881,822
5882,65.25
5883,250
5884,8
5885,100
5886,26.89
5887,4.5
5888,757.5
5889,53
5890,62
5891,45
5892,11
5893,68.35
5894,1000
5895,768
5896,204.55
5897,3.36
5898,5580
5899,12
5900,1.67
5901,6
5902,2.86
5903,3.375
5904,111520
5905,22
5906,38
5907,19
5908,21
5909,7
5910,49
5911,39
5912,16
5913,33
5914,8
5915,14
5916,3
5917,7
5918,90
5919,60
5920,23
5921,7
5922,8
5923,18
5924,41
5925,42
5926,36
5927,3
5928,694
5929,289
5930,5
5931,370
5932,6
5933,72
5934,42
5935,26
5936,9
5937,8
5938,4
5939,35
5940,12
5941,20
5942,2
5943,15
5944,3
5945,20
5946,10
5947,12
5948,38
5949,56
5950,3
5951,4
5952,16
5953,11
5954,9
5955,42
5956,21
5957,41
5958,82
5959,44
5960,10
5961,62
5962,18
5963,36
5964,24
5965,36
5966,10
5967,17
5968,41
5969,15
5970,72
5971,53
5972,3
5973,1
5974,6
5975,2
5976,3
5977,3
5978,2
5979,12
5980,3
5981,38
5982,9
5983,4
5984,22
5985,60
5986,9
5987,90
5988,17
5989,27
5990,10
5991,4
5992,4
5993,18
5994,18
5995,20
5996,2
5997,4
5998,8
5999,30
6000,7
6001,21
6002,6
6003,6
6004,26
6005,47
6006,3
6007,8
6008,47
6009,146
6010,19
6011,28
6012,18
6013,53
6014,46
6015,44
6016,30
6017,5
6018,19
6019,20
6020,31
6021,22
6022,19
6023,6
6024,3
6025,9
6026,18
6027,13
6028,3
6029,11
6030,25
6031,31
6032,55
6033,35
6034,90
6035,56
6036,26
6037,81
6038,57
6039,2
6040,97
6041,51
6042,216
6043,16
6044,24
6045,57
6046,26
6047,4
6048,26
6049,64
6050,20
6051,45
6052,21
6053,27
6054,15
6055,88
6056,57
6057,1
6058,16
6059,8
6060,81
6061,81
6062,37
6063,232
6064,24
6065,18
6066,23
6067,27
6068,143
6069,42
6070,30
6071,9
6072,24
6073,80
6074,54
6075,20
6076,4
6077,20
6078,6
6079,25
6080,8
6081,6
6082,14
6083,53
6084,41
6085,37
6086,36
6087,79
6088,24
6089,63
6090,42
6091,16
6092,84
6093,40
6094,12
6095,6
6096,5
6097,35
6098,1.8
6099,3.
6100,8
6101,8
6102,14
6103,47
6104,10
6105,72
6106,34
6107,9
6108,5
6109,3
6110,18
6111,16
6112,1
6113,10
6114,7
6115,7
6116,1
6117,30
6118,35
6119,16
6120,63
6121,56
6122,24
6123,9
6124,30
6125,32
6126,16
6127,24
6128,25
6129,2
6130,6
6131,8
6132,16
6133,3
6134,18
6135,3
6136,36
6137,30
6138,5
6139,8
6140,6
6141,
6142,103
6143,16
6144,27
6145,21
6146,8
6147,27
6148,38
6149,2
6150,4
6151,5.
6152,6
6153,14
6154,26.67
6155,45
6156,117.825
6157,139
6158,36
6159,808
6160,3
6161,72
6162,150
6163,5.5
6164,4
6165,0.4
6166,94
6167,1791
6168,528
6169,720
6170,121
6171,32
6172,94
6173,48600
6174,30
6175,60
6176,720
6177,0.24
6178,0.6
6179,3.5
6180,38
6181,27
6182,88
6183,470
6184,4350
6185,320
6186,200
6187,4360
6188,520
6189,243
6190,713
6191,85
6192,450
6193,90
6194,944
6195,1880
6196,240
6197,5100
6198,984
6199,24
6200,72
6201,192
6202,8
6203,18
6204,-5
6205,40
6206,72
6207,9
6208,100
6209,23
6210,78
6211,136
6212,358
6213,148
6214,6.6
6215,270
6216,99
6217,50
6218,40
6219,4
6220,477
6221,4.
6222,917
6223,39
6224,7
6225,10
6226,342
6227,2
6228,9
6229,144
6230,591
6231,153
6232,8
6233,220
6234,0
6235,687.5
6236,98
6237,96
6238,103
6239,16
6240,360
6241,33
6242,210
6243,125
6244,6
6245,265
6246,278
6247,36
6248,395
6249,150
6250,5
6251,5
6252,156
6253,50
6254,36
6255,97
6256,176
6257,400
6258,8
6259,28
6260,6
6261,66.25
6262,9
6263,640
6264,91
6265,17
6266,12
6267,14
6268,147
6269,540
6270,4000
6271,620
6272,800
6273,129
6274,41.2
6275,600
6276,2
6277,63
6278,250
6279,1
6280,5
6281,344
6282,186
6283,10
6284,168
6285,0.09
6286,4.7
6287,40
6288,36
6289,10
6290,36
6291,480
6292,1.08
6293,0
6294,87
6295,9
6296,416
6297,37
6298,77.6
6299,57.9
6300,3.4
6301,12
6302,307
6303,36
6304,8
6305,179
6306,30
6307,315
6308,36
6309,74
6310,179
6311,1
6312,
6313,18
6314,180
6315,60
6316,16
6317,15
6318,650
6319,400
6320,0.05
6321,6.4
6322,4200
6323,308
6324,1
6325,72
6326,6
6327,0
6328,250
6329,105
6330,6120
6331,11920
6332,875
6333,13350
6334,12000
6335,696
6336,5
6337,900
6338,9
6339,48
6340,144
6341,48
6342,80
6343,340
6344,2120
6345,10
6346,12
6347,90
6348,0
6349,2
6350,0
6351,3600
6352,370
6353,7
6354,50
6355,5
6356,12
6357,1200
6358,80
6359,15
6360,18
6361,440
6362,10675
6363,10
6364,4
6365,3
6366,6
6367,2
6368,800
6369,31.5
6370,0
6371,4
6372,45
6373,1
6374,32
6375,164
6376,1714
6377,156
6378,0.3
6379,10
6380,1.95
6381,20
6382,360
6383,7000
6384,6
6385,180
6386,78
6387,0.002677778
6388,23.5
6389,1.2
6390,60
6391,1.2
6392,12
6393,12
6394,100
6395,35
6396,171
6397,8.2
6398,3.8
6399,1428
6400,158
6401,8
6402,4.375
6403,6
6404,200
6405,240
6406,675
6407,980
6408,660
6409,000
6410,300
6411,0.7
6412,11
6413,100
6414,0
6415,194.58
6416,139.1
6417,34.4
6418,1950
6419,10
6420,45
6421,8.92
6422,3960
6423,45
6424,35
6425,1
6426,750
6427,180
6428,1
6429,22
6430,486
6431,8
6432,70
6433,360
6434,145
6435,160
6436,216
6437,45
6438,162
6439,2.83
6440,1200
6441,5
6442,800
6443,5.
6444,40
6445,86.1
6446,15.3
6447,188.8
6448,3
6449,65
6450,349.04
6451,32
6452,12
6453,19
6454,0.32
6455,10.8
6456,90
6457,1.65
6458,1200
6459,648
6460,120
6461,16
6462,40
6463,110
6464,2400
6465,2
6466,3
6467,10
6468,106
6469,7
6470,200
6471,40
6472,26
6473,10
6474,7
6475,2
6476,33
6477,8
6478,4
6479,0.4
6480,108
6481,0
6482,42.57
6483,1354.4
6484,11.
6485,300
6486,8
6487,49
6488,480
6489,11.795
6490,24.4
6491,240
6492,60
6493,105
6494,9.
6495,31.4
6496,59
6497,208
6498,24.2
6499,24.2
6500,44
6501,100
6502,27
6503,7.18
6504,24
6505,600
6506,139
6507,9.
6508,95
6509,16
6510,35
6511,140
6512,4.
6513,335
6514,14
6515,80
6516,0
6517,86
6518,1.05
6519,150
6520,17
6521,1568
6522,6
6523,1.73
6524,11
6525,8
6526,120
6527,22.5
6528,62
6529,5
6530,1050
6531,912.5222
6532,32
6533,8
6534,5377
6535,30
6536,176
6537,13
6538,90
6539,82
6540,160
6541,100
6542,2160
6543,222
6544,55
6545,4759.6
6546,70000
6547,43.75
6548,147
6549,375
6550,16
6551,1872
6552,206
6553,10
6554,4
6555,648
6556,133
6557,27
6558,69
6559,4
6560,28
6561,1320
6562,2.27
6563,16
6564,3.19
6565,35
6566,24
6567,3
6568,11
6569,80
6570,150
6571,45
6572,1800
6573,900
6574,120
6575,1908
6576,90
6577,97.2
6578,010
6579,8
6580,40
6581,2760
6582,85
6583,168
6584,5
6585,18
6586,576
6587,4.
6588,93.1
6589,8
6590,344
6591,1330
6592,40
6593,130
6594,100
6595,85
6596,46.27
6597,0.91
6598,306
6599,2790
6600,560
6601,10
6602,52
6603,328
6604,39
6605,290
6606,1
6607,24
6608,18.5
6609,18
6610,60
6611,248
6612,0
6613,24
6614,240
6615,70
6616,624
6617,825
6618,37
6619,356
6620,12
6621,9
6622,4
6623,2
6624,120
6625,6
6626,640
6627,557
6628,600
6629,60
6630,824
6631,2.2
6632,72
6633,67
6634,80
6635,58.5
6636,30
6637,2
6638,24
6639,800
6640,200
6641,1.5625
6642,1610
6643,5
6644,552
6645,8
6646,13400
6647,6960
6648,13770
6649,6
6650,414
6651,356
6652,25
6653,615
6654,231
6655,-10.10
6656,26
6657,20
6658,40.75
6659,540
6660,25
6661,1558
6662,164
6663,7
6664,295
6665,15
6666,126
6667,832
6668,80
6669,26
6670,1050
6671,1872
6672,180
6673,188.5
6674,138
6675,109
6676,34
6677,323
6678,3600
6679,770
6680,610
6681,1400
6682,472
6683,22
6684,202
6685,96
6686,525
6687,424.2
6688,294
6689,76
6690,11.25
6691,52
6692,17.9
6693,560
6694,240
6695,56
6696,24
6697,675
6698,1152
6699,10.3
6700,47
6701,600
6702,9800
6703,13
6704,75.625
6705,2.36
6706,43.2
6707,8
6708,9.36
6709,0.4596
6710,18000
6711,10
6712,23
6713,8
6714,9
6715,7
6716,16
6717,3.
6718,18
6719,23
6720,85
6721,3216
6722,1500
6723,83.33
6724,248
6725,2440
6726,80
6727,10
6728,36
6729,8
6730,21
6731,29
6732,8
6733,12
6734,19
6735,48
6736,52
6737,39
6738,24
6739,96
6740,10
6741,41
6742,21
6743,-32
6744,0
6745,15
6746,2
6747,3
6748,30
6749,25
6750,21
6751,4
6752,29
6753,17
6754,36
6755,80
6756,37
6757,8
6758,29
6759,17
6760,0
6761,45
6762,6
6763,20
6764,4
6765,36
6766,20
6767,4.
6768,4
6769,4
6770,6
6771,40
6772,38
6773,60
6774,20
6775,7
6776,9
6777,1.5
6778,5
6779,17
6780,5
6781,17
6782,45
6783,19
6784,72
6785,18
6786,0.4
6787,58
6788,8
6789,19
6790,69
6791,5
6792,18
6793,0.43
6794,72
6795,10
6796,38
6797,24
6798,35
6799,3
6800,61
6801,20
6802,295
6803,22
6804,14
6805,200
6806,50
6807,100
6808,8
6809,27
6810,28
6811,26
6812,50
6813,29
6814,33
6815,47
6816,15
6817,25
6818,-33
6819,81
6820,33
6821,11
6822,63
6823,23
6824,3
6825,15
6826,30
6827,38
6828,12
6829,12
6830,33
6831,77
6832,27
6833,14
6834,36
6835,42
6836,34
6837,16
6838,24
6839,1
6840,13
6841,100
6842,9
6843,6
6844,16
6845,6
6846,2
6847,18
6848,4
6849,18
6850,3.5
6851,8.
6852,25
6853,2
6854,6000
6855,17
6856,27
6857,8
6858,5.194
6859,178
6860,1360
6861,60
6862,137.14
6863,810
6864,320
6865,10
6866,2
6867,47.5
6868,16
6869,2200
6870,128
6871,1216
6872,-430
6873,1500
6874,360
6875,12
6876,12
6877,7
6878,260
6879,1
6880,200
6881,6000
6882,108
6883,28
6884,70
6885,211
6886,88.4
6887,49.5
6888,
6889,40.5
6890,62
6891,36
6892,40
6893,9.75
6894,50
6895,5.2624
6896,64
6897,19600
6898,5652
6899,39000
6900,452.16
6901,1.7
6902,109.7
6903,73
6904,6.
6905,85
6906,12
6907,98
6908,5
6909,625
6910,37
6911,175
6912,40
6913,108.33
6914,93.63
6915,0.2
6916,5.
6917,30
6918,777.6
6919,7.956
6920,12
6921,6
6922,10
6923,27
6924,3025
6925,32
6926,14
6927,11
6928,5.
6929,076
6930,814.44
6931,5.4
6932,70
6933,40
6934,3.4
6935,27
6936,18
6937,136
6938,8
6939,4
6940,25
6941,200
6942,41
6943,15
6944,5.
6945,28
6946,12.5
6947,2
6948,8
6949,225
6950,90
6951,15.7
6952,360
6953,90
6954,3.35
6955,45
6956,60
6957,0.6
6958,9
6959,324
6960,150
6961,96
6962,1875
6963,188
6964,5
6965,37.5
6966,36
6967,1120
6968,8
6969,12
6970,10
6971,8
6972,7.2
6973,10
6974,36
6975,160
6976,14
6977,26
6978,8
6979,92
6980,34.67
6981,87.5
6982,950
6983,6000
6984,15
6985,128
6986,2440
6987,111
6988,200
6989,35
6990,1.8
6991,1600
6992,40
6993,5
6994,270
6995,2600
6996,1400
6997,5.28
6998,7.5
6999,2340
7000,7
7001,1.40
7002,0.0487
7003,20
7004,512
7005,10
7006,2
7007,180
7008,20
7009,30
7010,51
7011,19.76
7012,625
7013,200
7014,35
7015,3364
7016,0.000
7017,5
7018,31.5
7019,1620
7020,50
7021,431.37
7022,25
7023,84
7024,8.
7025,1.33
7026,180
7027,1.534
7028,83.3
7029,111.11
7030,280
7031,90
7032,4560
7033,70
7034,25
7035,96
7036,4.8
7037,2003
7038,512
7039,727
7040,3.33
7041,780
7042,770
7043,345
7044,75
7045,8
7046,270
7047,96
7048,60
7049,180
7050,2.51
7051,1560
7052,13.
7053,2
7054,16
7055,80
7056,8.57
7057,5
7058,7.2
7059,1
7060,100
7061,18
7062,2.30
7063,42.7
7064,25
7065,3.7
7066,2800
7067,3.2
7068,15
7069,57
7070,9.87
7071,4
7072,350
7073,12.5
7074,12.96
7075,8.79
7076,60
7077,50
7078,2500
7079,0.375
7080,23.5
7081,90
7082,3420
7083,1050
7084,5
7085,1
7086,198
7087,9.3
7088,6
7089,35
7090,96
7091,100
7092,10.5
7093,324
7094,65
7095,1.5
7096,4
7097,1.3335
7098,1527.4
7099,20
7100,40
7101,2
7102,3.9
7103,0.25
7104,3.75
7105,85.8
7106,1648.5
7107,0.5
7108,5
7109,75
7110,3
7111,193
7112,20.25
7113,199
7114,0
7115,33.33
7116,1080
7117,12000
7118,986
7119,54.25
7120,96
7121,436.2
7122,89.38
7123,50
7124,32
7125,4
7126,540
7127,358.06
7128,48
7129,95
7130,12.56
7131,4
7132,96
7133,60
7134,188
7135,65
7136,112
7137,70
7138,62.5
7139,56
7140,2.62
7141,0.669
7142,3
7143,100
7144,17.25
7145,13
7146,87.04
7147,60
7148,11
7149,9.
7150,9
7151,30
7152,680
7153,3
7154,320
7155,4000
7156,0.000314
7157,58
7158,33.7
7159,7.2
7160,18
7161,9050
7162,9
7163,4
7164,42
7165,1
7166,364
7167,192
7168,93.75
7169,48
7170,2
7171,10.8
7172,36
7173,100
7174,1
7175,45
7176,8
7177,2000
7178,242.5
7179,130
7180,25.12
7181,511.25
7182,50
7183,111
7184,3.6
7185,72
7186,9
7187,768
7188,16
7189,368
7190,16.17
7191,0.1
7192,225
7193,396
7194,5040
7195,4.75
7196,2400
7197,144
7198,27
7199,54
7200,0
7201,4.
7202,700
7203,27
7204,2
7205,600
7206,96.5
7207,75
7208,37.5
7209,35.5
7210,1296
7211,10.1
7212,62
7213,0.77
7214,8.33
7215,66.8
7216,100
7217,62.8
7218,172.7
7219,836
7220,8
7221,1872
7222,15
7223,20
7224,75
7225,24.15
7226,11
7227,30
7228,32
7229,30
7230,84
7231,252
7232,3
7233,9.
7234,2550
7235,90
7236,24.84
7237,100
7238,105.26
7239,11
7240,8
7241,720
7242,41
7243,480
7244,0.8
7245,30
7246,57
7247,-0.5
7248,7
7249,2000
7250,2970
7251,2.33
7252,48
7253,1.8
7254,1
7255,119
7256,7.95
7257,340
7258,235
7259,184
7260,15
7261,48
7262,12
7263,12
7264,64
7265,1250
7266,44
7267,16
7268,1.5
7269,91.76
7270,9
7271,37.68
7272,8
7273,60
7274,12
7275,105
7276,50
7277,125
7278,0
7279,0.0016
7280,1498.24
7281,14
7282,25
7283,100
7284,30
7285,30
7286,7.2
7287,10.5
7288,5
7289,245
7290,4
7291,3000
7292,35
7293,135
7294,4000
7295,35.1
7296,480
7297,0.2
7298,272
7299,28.4
7300,150
7301,91.25
7302,900
7303,120
7304,25000
7305,250
7306,108
7307,27
7308,350
7309,5.3
7310,3.5
7311,2
7312,1499924.4
7313,8.
7314,107.15
7315,72
7316,56
7317,62.8
7318,1038
7319,150.72
7320,9
7321,30
7322,1
7323,250
7324,103.3
7325,4.5
7326,2800
7327,20
7328,31.416
7329,9
7330,3.375
7331,280
7332,1.05
7333,360
7334,9300
7335,180
7336,10.5
7337,800
7338,12
7339,126
7340,53.5
7341,89
7342,30
7343,8
7344,
7345,50.4
7346,66
7347,5000
7348,62.8
7349,1540
7350,225
7351,28
7352,1
7353,0.01
7354,1000
7355,281
7356,49.0000625
7357,96
7358,11
7359,13
7360,10
7361,940
7362,1306
7363,128
7364,90
7365,5
7366,4500
7367,1100
7368,12600
7369,40.5
7370,2.5
7371,0
7372,480
7373,48
7374,120
7375,8
7376,20
7377,9
7378,50
7379,489.84
7380,1600
7381,2
7382,4.41
7383,6
7384,5
7385,5.
7386,50
7387,1000
7388,0.785
7389,14.25
7390,6
7391,600
7392,40
7393,1256
7394,320
7395,480
7396,0.22
7397,112
7398,16
7399,60
7400,72
7401,5
7402,5.5
7403,3
7404,60
7405,103680
7406,8.75
7407,3.
7408,10
7409,42
7410,70.3
7411,40.83
7412,100
7413,125
7414,120
7415,96
7416,4.07
7417,120
7418,195
7419,2
7420,55
7421,5.25
7422,8
7423,54
7424,75
7425,450
7426,81
7427,10
7428,80
7429,40
7430,99
7431,480
7432,39
7433,15.09
7434,51.4
7435,1600
7436,264
7437,7.2
7438,24
7439,12
7440,880
7441,4
7442,6
7443,0.8
7444,250
7445,12
7446,28
7447,180
7448,7200
7449,6
7450,
7451,76
7452,7
7453,390
7454,4
7455,9
7456,8
7457,20
7458,3.29
7459,0.12
7460,5
7461,1000
7462,50
7463,4368
7464,0
7465,70
7466,8
7467,8.
7468,-9
7469,30
7470,314
7471,12.56
7472,5
7473,0.085
7474,153
7475,4
7476,520
7477,12
7478,55
7479,9.14
7480,1.19
7481,49.5
7482,130
7483,400
7484,6375
7485,57
7486,432
7487,33
7488,5.126
7489,4800
7490,36
7491,399
7492,18
7493,70
7494,20
7495,24
7496,16
7497,250
7498,100
7499,30
7500,60
7501,21
7502,8
7503,30
7504,3000
7505,135
7506,32
7507,2400
7508,9
7509,210
7510,4.5
7511,0.063
7512,2850
7513,8
7514,18
7515,55
7516,51
7517,655
7518,0.5
7519,1
7520,190.87
7521,77
7522,2355
7523,16
7524,744
7525,5.76
7526,31
7527,371.25
7528,2.5
7529,20
7530,59.5888
7531,70
7532,10
7533,000
7534,187
7535,411.28
7536,585
7537,5
7538,0.0000947
7539,11.5
7540,53
7541,15.5
7542,612
7543,160
7544,60
7545,249.8
7546,-1
7547,25
7548,675
7549,0.942
7550,80
7551,5097
7552,429.33
7553,2
7554,140
7555,1.29
7556,12
7557,0.000005
7558,25
7559,7.5
7560,37.5
7561,4.
7562,200
7563,1134.88
7564,363
7565,384
7566,99
7567,1.25
7568,600
7569,930
7570,0
7571,2
7572,24.28
7573,8
7574,3300
7575,18
7576,32
7577,1
7578,59.5
7579,33.33
7580,18
7581,114
7582,29.4
7583,175
7584,0.45
7585,9000
7586,1.5
7587,90
7588,74.09
7589,196
7590,300
7591,39
7592,20
7593,23.47
7594,880
7595,2430
7596,41
7597,24
7598,18
7599,5
7600,0.005
7601,6
7602,96
7603,24
7604,8
7605,80
7606,512
7607,2500
7608,2
7609,105
7610,45
7611,46.24
7612,21.33
7613,2
7614,1.92
7615,4.32
7616,7
7617,125
7618,36
7619,4
7620,8
7621,10
7622,16
7623,1
7624,0.2
7625,45
7626,512
7627,12.5
7628,4.
7629,2.3
7630,3.06
7631,-3.8
7632,343
7633,240
7634,180
7635,85
7636,640
7637,26.5
7638,120
7639,72
7640,1.338
7641,0.2
7642,4
7643,16
7644,58
7645,20
7646,72.27
7647,36
7648,3
7649,7
7650,560
7651,2000
7652,0.01
7653,2
7654,36
7655,2400
7656,20
7657,64
7658,0.5
7659,6.76
7660,1
7661,31.8
7662,7
7663,28
7664,2.5
7665,5
7666,66
7667,7650
7668,61.89
7669,32.5
7670,18
7671,60
7672,7
7673,14
7674,5
7675,830
7676,1.47
7677,2520
7678,3
7679,1.6
7680,80
7681,000
7682,6000
7683,8
7684,60
7685,4
7686,800
7687,876
7688,35
7689,840
7690,1782
7691,64
7692,8280
7693,0.87
7694,3
7695,53.4
7696,1.6
7697,25
7698,3
7699,54
7700,797
7701,100
7702,7
7703,8.5
7704,13.35
7705,0.69
7706,3045
7707,9.33
7708,49
7709,48
7710,6
7711,90
7712,100
7713,24
7714,2
7715,13.5
7716,21
7717,5.994
7718,2
7719,80
7720,20
7721,48.4
7722,87
7723,120
7724,1350
7725,36
7726,10
7727,5.8
7728,24
7729,0.167
7730,7
7731,882
7732,6.
7733,1.5
7734,160
7735,337.5
7736,24.07
7737,6
7738,64
7739,15
7740,65
7741,135
7742,36
7743,117.65
7744,280
7745,199.2
7746,38
7747,7.5
7748,194
7749,57
7750,56
7751,2.04
7752,1.8
7753,663
7754,10.
7755,1.68125
7756,1
7757,344
7758,79
7759,39.4
7760,4
7761,13.4
7762,400
7763,8
7764,3
7765,10
7766,6
7767,37600
7768,622.5
7769,192
7770,230
7771,2865
7772,8
7773,400
7774,9.
7775,9
7776,1214
7777,110
7778,8
7779,225
7780,3.6
7781,120
7782,9200
7783,-22
7784,220
7785,10714
7786,19
7787,168
7788,1800
7789,150
7790,0
7791,26
7792,280
7793,7
7794,8
7795,15
7796,16
7797,144
7798,420
7799,2400
7800,172.5
7801,60
7802,16
7803,1
7804,4
7805,36
7806,1
7807,106
7808,60
7809,27.5
7810,12
7811,48
7812,0.5
7813,1000
7814,11
7815,0.21
7816,8
7817,14
7818,240
7819,8550
7820,1.
7821,9
7822,5416
7823,3.25
7824,20
7825,30
7826,9.17
7827,12
7828,1
7829,1.05
7830,72
7831,510
7832,6
7833,23.81
7834,000
7835,56
7836,12
7837,18
7838,000
7839,3
7840,56
7841,86
7842,2
7843,35
7844,1389
7845,3
7846,
7847,135
7848,45
7849,418
7850,225
7851,4
7852,570
7853,6
7854,80
7855,5
7856,4
7857,10
7858,48
7859,240
7860,2
7861,2.4
7862,100.8
7863,3
7864,30.5
7865,8
7866,4909
7867,9
7868,4.44
7869,3
7870,90
7871,4
7872,240
7873,12.6
7874,3
7875,4
7876,
7877,3
7878,8
7879,221
7880,7.5
7881,150
7882,750
7883,1
7884,90
7885,18
7886,96
7887,9
7888,72
7889,9
7890,8
7891,1.25
7892,3
7893,765
7894,311
7895,28
7896,8760
7897,4
7898,966.25
7899,3
7900,14
7901,9.75
7902,5
7903,28
7904,6.02
7905,6
7906,632
7907,168
7908,7.2
7909,9
7910,16
7911,0.489
7912,0.3
7913,5256
7914,36
7915,15
7916,600
7917,96
7918,4
7919,144
7920,9
7921,64000
7922,4
7923,75
7924,8
7925,324
7926,270
7927,900
7928,1
7929,840
7930,12.5
7931,625
7932,16
7933,10
7934,14
7935,3
7936,60
7937,5
7938,1000
7939,0.9
7940,7
7941,48
7942,3
7943,11
7944,300
7945,29.9
7946,22.2
7947,97
7948,8
7949,-10
7950,7.07
7951,85.71
7952,28
7953,9
7954,3
7955,86
7956,115
7957,502
7958,2
7959,230
7960,20
7961,10
7962,10
7963,20
7964,7000
7965,6
7966,5
7967,960
7968,1596
7969,19
7970,15
7971,6
7972,624
7973,1
7974,16
7975,150
7976,27
7977,8
7978,8.44
7979,33.33
7980,42
7981,112
7982,25
7983,1800
7984,10
7985,70
7986,23.7
7987,54
7988,1260
7989,144000
7990,294
7991,72
7992,4
7993,1200
7994,193
7995,11
7996,3
7997,3790
7998,5.
7999,210
